This file contains any messages produced by compilers while
running configure, to aid debugging if configure makes a mistake.

It was created by pjproject aconfigure 2.x, which was
generated by GNU Autoconf 2.72.  Invocation command line was

  $ ./aconfigure --prefix=/root/D-Modem/pjproject-2.15.1/../pjsip.install --disable-video

## --------- ##
## Platform. ##
## --------- ##

hostname = slmodem
uname -m = x86_64
uname -r = 6.14.11-1-pve
uname -s = Linux
uname -v = #1 SMP PREEMPT_DYNAMIC PMX 6.14.11-1 (2025-08-26T16:06Z)

/usr/bin/uname -p = unknown
/bin/uname -X     = unknown

/bin/arch              = x86_64
/usr/bin/arch -k       = unknown
/usr/convex/getsysinfo = unknown
/usr/bin/hostinfo      = unknown
/bin/machine           = unknown
/usr/bin/oslevel       = unknown
/bin/universe          = unknown

PATH: /usr/local/sbin/
PATH: /usr/local/bin/
PATH: /usr/sbin/
PATH: /usr/bin/
PATH: /sbin/
PATH: /bin/


## ----------- ##
## Core tests. ##
## ----------- ##

aconfigure:2968: looking for aux files: config.guess config.sub
aconfigure:2981:  trying ./
aconfigure:3010:   ./config.guess found
aconfigure:3010:   ./config.sub found
aconfigure:3132: checking build system type
aconfigure:3148: result: x86_64-unknown-linux-gnu
aconfigure:3168: checking host system type
aconfigure:3183: result: x86_64-unknown-linux-gnu
aconfigure:3203: checking target system type
aconfigure:3218: result: x86_64-unknown-linux-gnu
aconfigure:3317: checking for gcc
aconfigure:3338: found /usr/bin/gcc
aconfigure:3350: result: gcc
aconfigure:3709: checking for C compiler version
aconfigure:3718: gcc --version >&5
gcc (Debian 12.2.0-14+deb12u1) 12.2.0
Copyright (C) 2022 Free Software Foundation, Inc.
This is free software; see the source for copying conditions.  There is NO
warranty; not even for MERCHANTABILITY or FITNESS FOR A PARTICULAR PURPOSE.

aconfigure:3729: $? = 0
aconfigure:3718: gcc -v >&5
Using built-in specs.
COLLECT_GCC=gcc
COLLECT_LTO_WRAPPER=/usr/lib/gcc/x86_64-linux-gnu/12/lto-wrapper
OFFLOAD_TARGET_NAMES=nvptx-none:amdgcn-amdhsa
OFFLOAD_TARGET_DEFAULT=1
Target: x86_64-linux-gnu
Configured with: ../src/configure -v --with-pkgversion='Debian 12.2.0-14+deb12u1' --with-bugurl=file:///usr/share/doc/gcc-12/README.Bugs --enable-languages=c,ada,c++,go,d,fortran,objc,obj-c++,m2 --prefix=/usr --with-gcc-major-version-only --program-suffix=-12 --program-prefix=x86_64-linux-gnu- --enable-shared --enable-linker-build-id --libexecdir=/usr/lib --without-included-gettext --enable-threads=posix --libdir=/usr/lib --enable-nls --enable-clocale=gnu --enable-libstdcxx-debug --enable-libstdcxx-time=yes --with-default-libstdcxx-abi=new --enable-gnu-unique-object --disable-vtable-verify --enable-plugin --enable-default-pie --with-system-zlib --enable-libphobos-checking=release --with-target-system-zlib=auto --enable-objc-gc=auto --enable-multiarch --disable-werror --enable-cet --with-arch-32=i686 --with-abi=m64 --with-multilib-list=m32,m64,mx32 --enable-multilib --with-tune=generic --enable-offload-targets=nvptx-none=/build/reproducible-path/gcc-12-12.2.0/debian/tmp-nvptx/usr,amdgcn-amdhsa=/build/reproducible-path/gcc-12-12.2.0/debian/tmp-gcn/usr --enable-offload-defaulted --without-cuda-driver --enable-checking=release --build=x86_64-linux-gnu --host=x86_64-linux-gnu --target=x86_64-linux-gnu
Thread model: posix
Supported LTO compression algorithms: zlib zstd
gcc version 12.2.0 (Debian 12.2.0-14+deb12u1) 
... rest of stderr output deleted ...
aconfigure:3729: $? = 0
aconfigure:3718: gcc -V >&5
gcc: error: unrecognized command-line option '-V'
gcc: fatal error: no input files
compilation terminated.
aconfigure:3729: $? = 1
aconfigure:3718: gcc -qversion >&5
gcc: error: unrecognized command-line option '-qversion'; did you mean '--version'?
gcc: fatal error: no input files
compilation terminated.
aconfigure:3729: $? = 1
aconfigure:3718: gcc -version >&5
gcc: error: unrecognized command-line option '-version'
gcc: fatal error: no input files
compilation terminated.
aconfigure:3729: $? = 1
aconfigure:3749: checking whether the C compiler works
aconfigure:3771: gcc -O2   conftest.c  >&5
aconfigure:3775: $? = 0
aconfigure:3826: result: yes
aconfigure:3830: checking for C compiler default output file name
aconfigure:3832: result: a.out
aconfigure:3838: checking for suffix of executables
aconfigure:3845: gcc -o conftest -O2   conftest.c  >&5
aconfigure:3849: $? = 0
aconfigure:3873: result: 
aconfigure:3897: checking whether we are cross compiling
aconfigure:3905: gcc -o conftest -O2   conftest.c  >&5
aconfigure:3909: $? = 0
aconfigure:3916: ./conftest
aconfigure:3920: $? = 0
aconfigure:3935: result: no
aconfigure:3941: checking for suffix of object files
aconfigure:3964: gcc -c -O2  conftest.c >&5
aconfigure:3968: $? = 0
aconfigure:3992: result: o
aconfigure:3996: checking whether the compiler supports GNU C
aconfigure:4016: gcc -c -O2  conftest.c >&5
aconfigure:4016: $? = 0
aconfigure:4028: result: yes
aconfigure:4039: checking whether gcc accepts -g
aconfigure:4060: gcc -c -g  conftest.c >&5
aconfigure:4060: $? = 0
aconfigure:4107: result: yes
aconfigure:4127: checking for gcc option to enable C11 features
aconfigure:4142: gcc  -c -O2  conftest.c >&5
aconfigure:4142: $? = 0
aconfigure:4161: result: none needed
aconfigure:4349: checking for g++
aconfigure:4370: found /usr/bin/g++
aconfigure:4382: result: g++
aconfigure:4409: checking for C++ compiler version
aconfigure:4418: g++ --version >&5
g++ (Debian 12.2.0-14+deb12u1) 12.2.0
Copyright (C) 2022 Free Software Foundation, Inc.
This is free software; see the source for copying conditions.  There is NO
warranty; not even for MERCHANTABILITY or FITNESS FOR A PARTICULAR PURPOSE.

aconfigure:4429: $? = 0
aconfigure:4418: g++ -v >&5
Using built-in specs.
COLLECT_GCC=g++
COLLECT_LTO_WRAPPER=/usr/lib/gcc/x86_64-linux-gnu/12/lto-wrapper
OFFLOAD_TARGET_NAMES=nvptx-none:amdgcn-amdhsa
OFFLOAD_TARGET_DEFAULT=1
Target: x86_64-linux-gnu
Configured with: ../src/configure -v --with-pkgversion='Debian 12.2.0-14+deb12u1' --with-bugurl=file:///usr/share/doc/gcc-12/README.Bugs --enable-languages=c,ada,c++,go,d,fortran,objc,obj-c++,m2 --prefix=/usr --with-gcc-major-version-only --program-suffix=-12 --program-prefix=x86_64-linux-gnu- --enable-shared --enable-linker-build-id --libexecdir=/usr/lib --without-included-gettext --enable-threads=posix --libdir=/usr/lib --enable-nls --enable-clocale=gnu --enable-libstdcxx-debug --enable-libstdcxx-time=yes --with-default-libstdcxx-abi=new --enable-gnu-unique-object --disable-vtable-verify --enable-plugin --enable-default-pie --with-system-zlib --enable-libphobos-checking=release --with-target-system-zlib=auto --enable-objc-gc=auto --enable-multiarch --disable-werror --enable-cet --with-arch-32=i686 --with-abi=m64 --with-multilib-list=m32,m64,mx32 --enable-multilib --with-tune=generic --enable-offload-targets=nvptx-none=/build/reproducible-path/gcc-12-12.2.0/debian/tmp-nvptx/usr,amdgcn-amdhsa=/build/reproducible-path/gcc-12-12.2.0/debian/tmp-gcn/usr --enable-offload-defaulted --without-cuda-driver --enable-checking=release --build=x86_64-linux-gnu --host=x86_64-linux-gnu --target=x86_64-linux-gnu
Thread model: posix
Supported LTO compression algorithms: zlib zstd
gcc version 12.2.0 (Debian 12.2.0-14+deb12u1) 
... rest of stderr output deleted ...
aconfigure:4429: $? = 0
aconfigure:4418: g++ -V >&5
g++: error: unrecognized command-line option '-V'
g++: fatal error: no input files
compilation terminated.
aconfigure:4429: $? = 1
aconfigure:4418: g++ -qversion >&5
g++: error: unrecognized command-line option '-qversion'; did you mean '--version'?
g++: fatal error: no input files
compilation terminated.
aconfigure:4429: $? = 1
aconfigure:4433: checking whether the compiler supports GNU C++
aconfigure:4453: g++ -c   conftest.cpp >&5
aconfigure:4453: $? = 0
aconfigure:4465: result: yes
aconfigure:4476: checking whether g++ accepts -g
aconfigure:4497: g++ -c -g  conftest.cpp >&5
aconfigure:4497: $? = 0
aconfigure:4544: result: yes
aconfigure:4564: checking for g++ option to enable C++11 features
aconfigure:4579: g++  -c -g -O2  conftest.cpp >&5
conftest.cpp: In function 'int main(int, char**)':
conftest.cpp:175:25: warning: empty parentheses were disambiguated as a function declaration [-Wvexing-parse]
  175 |   cxx11test::delegate d2();
      |                         ^~
conftest.cpp:175:25: note: remove parentheses to default-initialize a variable
  175 |   cxx11test::delegate d2();
      |                         ^~
      |                         --
conftest.cpp:175:25: note: or replace parentheses with braces to value-initialize a variable
aconfigure:4579: $? = 0
aconfigure:4598: result: none needed
aconfigure:4692: g++ -o conftest -g -O2   conftest.cpp  >&5
aconfigure:4692: $? = 0
aconfigure:4757: checking for ranlib
aconfigure:4778: found /usr/bin/ranlib
aconfigure:4790: result: ranlib
aconfigure:4867: checking for ar
aconfigure:4888: found /usr/bin/ar
aconfigure:4900: result: ar
aconfigure:4987: checking for pthread_create in -lpthread
aconfigure:5016: gcc -o conftest -O2   conftest.c -lpthread   >&5
aconfigure:5016: $? = 0
aconfigure:5028: result: yes
aconfigure:5038: checking for puts in -lwsock32
aconfigure:5067: gcc -o conftest -O2   conftest.c -lwsock32  -lpthread  >&5
conftest.c:20:6: warning: conflicting types for built-in function 'puts'; expected 'int(const char *)' [-Wbuiltin-declaration-mismatch]
   20 | char puts (void);
      |      ^~~~
conftest.c:1:1: note: 'puts' is declared in header '<stdio.h>'
    1 | /* confdefs.h */
/usr/bin/ld: cannot find -lwsock32: No such file or directory
collect2: error: ld returned 1 exit status
aconfigure:5067: $? = 1
aconfigure: failed program was:
| /* confdefs.h */
| #define PACKAGE_NAME "pjproject"
| #define PACKAGE_TARNAME "pjproject"
| #define PACKAGE_VERSION "2.x"
| #define PACKAGE_STRING "pjproject 2.x"
| #define PACKAGE_BUGREPORT ""
| #define PACKAGE_URL ""
| #define HAVE_LIBPTHREAD 1
| /* end confdefs.h.  */
| 
| /* Override any GCC internal prototype to avoid an error.
|    Use char because int might match the return type of a GCC
|    builtin and then its argument prototype would still apply.
|    The 'extern "C"' is for builds by C++ compilers;
|    although this is not generally supported in C code supporting it here
|    has little cost and some practical benefit (sr 110532).  */
| #ifdef __cplusplus
| extern "C"
| #endif
| char puts (void);
| int
| main (void)
| {
| return puts ();
|   ;
|   return 0;
| }
aconfigure:5079: result: no
aconfigure:5089: checking for puts in -lws2_32
aconfigure:5118: gcc -o conftest -O2   conftest.c -lws2_32  -lpthread  >&5
conftest.c:20:6: warning: conflicting types for built-in function 'puts'; expected 'int(const char *)' [-Wbuiltin-declaration-mismatch]
   20 | char puts (void);
      |      ^~~~
conftest.c:1:1: note: 'puts' is declared in header '<stdio.h>'
    1 | /* confdefs.h */
/usr/bin/ld: cannot find -lws2_32: No such file or directory
collect2: error: ld returned 1 exit status
aconfigure:5118: $? = 1
aconfigure: failed program was:
| /* confdefs.h */
| #define PACKAGE_NAME "pjproject"
| #define PACKAGE_TARNAME "pjproject"
| #define PACKAGE_VERSION "2.x"
| #define PACKAGE_STRING "pjproject 2.x"
| #define PACKAGE_BUGREPORT ""
| #define PACKAGE_URL ""
| #define HAVE_LIBPTHREAD 1
| /* end confdefs.h.  */
| 
| /* Override any GCC internal prototype to avoid an error.
|    Use char because int might match the return type of a GCC
|    builtin and then its argument prototype would still apply.
|    The 'extern "C"' is for builds by C++ compilers;
|    although this is not generally supported in C code supporting it here
|    has little cost and some practical benefit (sr 110532).  */
| #ifdef __cplusplus
| extern "C"
| #endif
| char puts (void);
| int
| main (void)
| {
| return puts ();
|   ;
|   return 0;
| }
aconfigure:5130: result: no
aconfigure:5140: checking for puts in -lole32
aconfigure:5169: gcc -o conftest -O2   conftest.c -lole32  -lpthread  >&5
conftest.c:20:6: warning: conflicting types for built-in function 'puts'; expected 'int(const char *)' [-Wbuiltin-declaration-mismatch]
   20 | char puts (void);
      |      ^~~~
conftest.c:1:1: note: 'puts' is declared in header '<stdio.h>'
    1 | /* confdefs.h */
/usr/bin/ld: cannot find -lole32: No such file or directory
collect2: error: ld returned 1 exit status
aconfigure:5169: $? = 1
aconfigure: failed program was:
| /* confdefs.h */
| #define PACKAGE_NAME "pjproject"
| #define PACKAGE_TARNAME "pjproject"
| #define PACKAGE_VERSION "2.x"
| #define PACKAGE_STRING "pjproject 2.x"
| #define PACKAGE_BUGREPORT ""
| #define PACKAGE_URL ""
| #define HAVE_LIBPTHREAD 1
| /* end confdefs.h.  */
| 
| /* Override any GCC internal prototype to avoid an error.
|    Use char because int might match the return type of a GCC
|    builtin and then its argument prototype would still apply.
|    The 'extern "C"' is for builds by C++ compilers;
|    although this is not generally supported in C code supporting it here
|    has little cost and some practical benefit (sr 110532).  */
| #ifdef __cplusplus
| extern "C"
| #endif
| char puts (void);
| int
| main (void)
| {
| return puts ();
|   ;
|   return 0;
| }
aconfigure:5181: result: no
aconfigure:5191: checking for puts in -lwinmm
aconfigure:5220: gcc -o conftest -O2   conftest.c -lwinmm  -lpthread  >&5
conftest.c:20:6: warning: conflicting types for built-in function 'puts'; expected 'int(const char *)' [-Wbuiltin-declaration-mismatch]
   20 | char puts (void);
      |      ^~~~
conftest.c:1:1: note: 'puts' is declared in header '<stdio.h>'
    1 | /* confdefs.h */
/usr/bin/ld: cannot find -lwinmm: No such file or directory
collect2: error: ld returned 1 exit status
aconfigure:5220: $? = 1
aconfigure: failed program was:
| /* confdefs.h */
| #define PACKAGE_NAME "pjproject"
| #define PACKAGE_TARNAME "pjproject"
| #define PACKAGE_VERSION "2.x"
| #define PACKAGE_STRING "pjproject 2.x"
| #define PACKAGE_BUGREPORT ""
| #define PACKAGE_URL ""
| #define HAVE_LIBPTHREAD 1
| /* end confdefs.h.  */
| 
| /* Override any GCC internal prototype to avoid an error.
|    Use char because int might match the return type of a GCC
|    builtin and then its argument prototype would still apply.
|    The 'extern "C"' is for builds by C++ compilers;
|    although this is not generally supported in C code supporting it here
|    has little cost and some practical benefit (sr 110532).  */
| #ifdef __cplusplus
| extern "C"
| #endif
| char puts (void);
| int
| main (void)
| {
| return puts ();
|   ;
|   return 0;
| }
aconfigure:5232: result: no
aconfigure:5242: checking for puts in -lsocket
aconfigure:5271: gcc -o conftest -O2   conftest.c -lsocket  -lpthread  >&5
conftest.c:20:6: warning: conflicting types for built-in function 'puts'; expected 'int(const char *)' [-Wbuiltin-declaration-mismatch]
   20 | char puts (void);
      |      ^~~~
conftest.c:1:1: note: 'puts' is declared in header '<stdio.h>'
    1 | /* confdefs.h */
/usr/bin/ld: cannot find -lsocket: No such file or directory
collect2: error: ld returned 1 exit status
aconfigure:5271: $? = 1
aconfigure: failed program was:
| /* confdefs.h */
| #define PACKAGE_NAME "pjproject"
| #define PACKAGE_TARNAME "pjproject"
| #define PACKAGE_VERSION "2.x"
| #define PACKAGE_STRING "pjproject 2.x"
| #define PACKAGE_BUGREPORT ""
| #define PACKAGE_URL ""
| #define HAVE_LIBPTHREAD 1
| /* end confdefs.h.  */
| 
| /* Override any GCC internal prototype to avoid an error.
|    Use char because int might match the return type of a GCC
|    builtin and then its argument prototype would still apply.
|    The 'extern "C"' is for builds by C++ compilers;
|    although this is not generally supported in C code supporting it here
|    has little cost and some practical benefit (sr 110532).  */
| #ifdef __cplusplus
| extern "C"
| #endif
| char puts (void);
| int
| main (void)
| {
| return puts ();
|   ;
|   return 0;
| }
aconfigure:5283: result: no
aconfigure:5293: checking for puts in -lrt
aconfigure:5322: gcc -o conftest -O2   conftest.c -lrt  -lpthread  >&5
conftest.c:20:6: warning: conflicting types for built-in function 'puts'; expected 'int(const char *)' [-Wbuiltin-declaration-mismatch]
   20 | char puts (void);
      |      ^~~~
conftest.c:1:1: note: 'puts' is declared in header '<stdio.h>'
    1 | /* confdefs.h */
aconfigure:5322: $? = 0
aconfigure:5334: result: yes
aconfigure:5344: checking for sin in -lm
aconfigure:5373: gcc -o conftest -O2   conftest.c -lm  -lrt -lpthread  >&5
conftest.c:21:6: warning: conflicting types for built-in function 'sin'; expected 'double(double)' [-Wbuiltin-declaration-mismatch]
   21 | char sin (void);
      |      ^~~
conftest.c:1:1: note: 'sin' is declared in header '<math.h>'
    1 | /* confdefs.h */
aconfigure:5373: $? = 0
aconfigure:5385: result: yes
aconfigure:5399: checking for x86_64-linux-gnu-pkg-config
aconfigure:5435: result: no
aconfigure:5399: checking for x86_64-unknown-linux-gnu-pkg-config
aconfigure:5435: result: no
aconfigure:5399: checking for pkg-config
aconfigure:5435: result: no
aconfigure:5399: checking for python
aconfigure:5435: result: no
aconfigure:5457: checking for uuid_generate in -luuid
aconfigure:5486: gcc -o conftest -O2   conftest.c -luuid  -lm -lrt -lpthread  >&5
/usr/bin/ld: cannot find -luuid: No such file or directory
collect2: error: ld returned 1 exit status
aconfigure:5486: $? = 1
aconfigure: failed program was:
| /* confdefs.h */
| #define PACKAGE_NAME "pjproject"
| #define PACKAGE_TARNAME "pjproject"
| #define PACKAGE_VERSION "2.x"
| #define PACKAGE_STRING "pjproject 2.x"
| #define PACKAGE_BUGREPORT ""
| #define PACKAGE_URL ""
| #define HAVE_LIBPTHREAD 1
| #define HAVE_LIBRT 1
| #define HAVE_LIBM 1
| /* end confdefs.h.  */
| 
| /* Override any GCC internal prototype to avoid an error.
|    Use char because int might match the return type of a GCC
|    builtin and then its argument prototype would still apply.
|    The 'extern "C"' is for builds by C++ compilers;
|    although this is not generally supported in C code supporting it here
|    has little cost and some practical benefit (sr 110532).  */
| #ifdef __cplusplus
| extern "C"
| #endif
| char uuid_generate (void);
| int
| main (void)
| {
| return uuid_generate ();
|   ;
|   return 0;
| }
aconfigure:5498: result: no
aconfigure:5508: checking for uuid_generate in -luuid
aconfigure:5549: result: no
aconfigure:5562: checking for library containing gethostbyname
aconfigure:5598: gcc -o conftest -O2   conftest.c -lm -lrt -lpthread  >&5
aconfigure:5598: $? = 0
aconfigure:5620: result: none required
aconfigure:5630: result: Setting PJ_M_NAME to x86_64
aconfigure:5635: checking memory alignment
aconfigure:5641: result: 8 bytes
aconfigure:5657: checking for stdio.h
aconfigure:5657: gcc -c -O2  conftest.c >&5
aconfigure:5657: $? = 0
aconfigure:5657: result: yes
aconfigure:5657: checking for stdlib.h
aconfigure:5657: gcc -c -O2  conftest.c >&5
aconfigure:5657: $? = 0
aconfigure:5657: result: yes
aconfigure:5657: checking for string.h
aconfigure:5657: gcc -c -O2  conftest.c >&5
aconfigure:5657: $? = 0
aconfigure:5657: result: yes
aconfigure:5657: checking for inttypes.h
aconfigure:5657: gcc -c -O2  conftest.c >&5
aconfigure:5657: $? = 0
aconfigure:5657: result: yes
aconfigure:5657: checking for stdint.h
aconfigure:5657: gcc -c -O2  conftest.c >&5
aconfigure:5657: $? = 0
aconfigure:5657: result: yes
aconfigure:5657: checking for strings.h
aconfigure:5657: gcc -c -O2  conftest.c >&5
aconfigure:5657: $? = 0
aconfigure:5657: result: yes
aconfigure:5657: checking for sys/stat.h
aconfigure:5657: gcc -c -O2  conftest.c >&5
aconfigure:5657: $? = 0
aconfigure:5657: result: yes
aconfigure:5657: checking for sys/types.h
aconfigure:5657: gcc -c -O2  conftest.c >&5
aconfigure:5657: $? = 0
aconfigure:5657: result: yes
aconfigure:5657: checking for unistd.h
aconfigure:5657: gcc -c -O2  conftest.c >&5
aconfigure:5657: $? = 0
aconfigure:5657: result: yes
aconfigure:5682: checking whether byte ordering is bigendian
aconfigure:5698: gcc -c -O2  conftest.c >&5
conftest.c:25:16: error: unknown type name 'not'
   25 |                not a universal capable compiler
      |                ^~~
conftest.c:25:22: error: expected '=', ',', ';', 'asm' or '__attribute__' before 'universal'
   25 |                not a universal capable compiler
      |                      ^~~~~~~~~
conftest.c:25:22: error: unknown type name 'universal'
aconfigure:5698: $? = 1
aconfigure: failed program was:
| /* confdefs.h */
| #define PACKAGE_NAME "pjproject"
| #define PACKAGE_TARNAME "pjproject"
| #define PACKAGE_VERSION "2.x"
| #define PACKAGE_STRING "pjproject 2.x"
| #define PACKAGE_BUGREPORT ""
| #define PACKAGE_URL ""
| #define HAVE_LIBPTHREAD 1
| #define HAVE_LIBRT 1
| #define HAVE_LIBM 1
| #define PJ_M_NAME "x86_64"
| #define PJ_POOL_ALIGNMENT 8
| #define HAVE_STDIO_H 1
| #define HAVE_STDLIB_H 1
| #define HAVE_STRING_H 1
| #define HAVE_INTTYPES_H 1
| #define HAVE_STDINT_H 1
| #define HAVE_STRINGS_H 1
| #define HAVE_SYS_STAT_H 1
| #define HAVE_SYS_TYPES_H 1
| #define HAVE_UNISTD_H 1
| #define STDC_HEADERS 1
| /* end confdefs.h.  */
| #ifndef __APPLE_CC__
| 	       not a universal capable compiler
| 	     #endif
| 	     typedef int dummy;
| 
aconfigure:5744: gcc -c -O2  conftest.c >&5
aconfigure:5744: $? = 0
aconfigure:5763: gcc -c -O2  conftest.c >&5
conftest.c: In function 'main':
conftest.c:31:18: error: unknown type name 'not'; did you mean 'ino_t'?
   31 |                  not big endian
      |                  ^~~
      |                  ino_t
conftest.c:31:26: error: expected '=', ',', ';', 'asm' or '__attribute__' before 'endian'
   31 |                  not big endian
      |                          ^~~~~~
aconfigure:5763: $? = 1
aconfigure: failed program was:
| /* confdefs.h */
| #define PACKAGE_NAME "pjproject"
| #define PACKAGE_TARNAME "pjproject"
| #define PACKAGE_VERSION "2.x"
| #define PACKAGE_STRING "pjproject 2.x"
| #define PACKAGE_BUGREPORT ""
| #define PACKAGE_URL ""
| #define HAVE_LIBPTHREAD 1
| #define HAVE_LIBRT 1
| #define HAVE_LIBM 1
| #define PJ_M_NAME "x86_64"
| #define PJ_POOL_ALIGNMENT 8
| #define HAVE_STDIO_H 1
| #define HAVE_STDLIB_H 1
| #define HAVE_STRING_H 1
| #define HAVE_INTTYPES_H 1
| #define HAVE_STDINT_H 1
| #define HAVE_STRINGS_H 1
| #define HAVE_SYS_STAT_H 1
| #define HAVE_SYS_TYPES_H 1
| #define HAVE_UNISTD_H 1
| #define STDC_HEADERS 1
| /* end confdefs.h.  */
| #include <sys/types.h>
| 		#include <sys/param.h>
| 
| int
| main (void)
| {
| #if BYTE_ORDER != BIG_ENDIAN
| 		 not big endian
| 		#endif
| 
|   ;
|   return 0;
| }
aconfigure:5904: result: no
aconfigure:5994: result: Checking if floating point is disabled... no
aconfigure:6003: checking for arpa/inet.h
aconfigure:6003: gcc -c -O2 -DPJ_IS_BIG_ENDIAN=0 -DPJ_IS_LITTLE_ENDIAN=1  conftest.c >&5
aconfigure:6003: $? = 0
aconfigure:6003: result: yes
aconfigure:6010: checking for assert.h
aconfigure:6010: gcc -c -O2 -DPJ_IS_BIG_ENDIAN=0 -DPJ_IS_LITTLE_ENDIAN=1  conftest.c >&5
aconfigure:6010: $? = 0
aconfigure:6010: result: yes
aconfigure:6017: checking for ctype.h
aconfigure:6017: gcc -c -O2 -DPJ_IS_BIG_ENDIAN=0 -DPJ_IS_LITTLE_ENDIAN=1  conftest.c >&5
aconfigure:6017: $? = 0
aconfigure:6017: result: yes
aconfigure:6031: checking for errno.h
aconfigure:6031: gcc -c -O2 -DPJ_IS_BIG_ENDIAN=0 -DPJ_IS_LITTLE_ENDIAN=1  conftest.c >&5
aconfigure:6031: $? = 0
aconfigure:6031: result: yes
aconfigure:6041: checking for fcntl.h
aconfigure:6041: gcc -c -O2 -DPJ_IS_BIG_ENDIAN=0 -DPJ_IS_LITTLE_ENDIAN=1  conftest.c >&5
aconfigure:6041: $? = 0
aconfigure:6041: result: yes
aconfigure:6048: checking for linux/socket.h
aconfigure:6048: gcc -c -O2 -DPJ_IS_BIG_ENDIAN=0 -DPJ_IS_LITTLE_ENDIAN=1  conftest.c >&5
aconfigure:6048: $? = 0
aconfigure:6048: result: yes
aconfigure:6055: checking for limits.h
aconfigure:6055: gcc -c -O2 -DPJ_IS_BIG_ENDIAN=0 -DPJ_IS_LITTLE_ENDIAN=1  conftest.c >&5
aconfigure:6055: $? = 0
aconfigure:6055: result: yes
aconfigure:6062: checking for malloc.h
aconfigure:6062: gcc -c -O2 -DPJ_IS_BIG_ENDIAN=0 -DPJ_IS_LITTLE_ENDIAN=1  conftest.c >&5
aconfigure:6062: $? = 0
aconfigure:6062: result: yes
aconfigure:6069: checking for netdb.h
aconfigure:6069: gcc -c -O2 -DPJ_IS_BIG_ENDIAN=0 -DPJ_IS_LITTLE_ENDIAN=1  conftest.c >&5
aconfigure:6069: $? = 0
aconfigure:6069: result: yes
aconfigure:6076: checking for netinet/in_systm.h
aconfigure:6076: gcc -c -O2 -DPJ_IS_BIG_ENDIAN=0 -DPJ_IS_LITTLE_ENDIAN=1  conftest.c >&5
aconfigure:6076: $? = 0
aconfigure:6076: result: yes
aconfigure:6083: checking for netinet/in.h
aconfigure:6083: gcc -c -O2 -DPJ_IS_BIG_ENDIAN=0 -DPJ_IS_LITTLE_ENDIAN=1  conftest.c >&5
aconfigure:6083: $? = 0
aconfigure:6083: result: yes
aconfigure:6090: checking for netinet/ip.h
aconfigure:6090: gcc -c -O2 -DPJ_IS_BIG_ENDIAN=0 -DPJ_IS_LITTLE_ENDIAN=1  conftest.c >&5
aconfigure:6090: $? = 0
aconfigure:6090: result: yes
aconfigure:6110: checking for netinet/tcp.h
aconfigure:6110: gcc -c -O2 -DPJ_IS_BIG_ENDIAN=0 -DPJ_IS_LITTLE_ENDIAN=1  conftest.c >&5
aconfigure:6110: $? = 0
aconfigure:6110: result: yes
aconfigure:6117: checking for ifaddrs.h
aconfigure:6117: gcc -c -O2 -DPJ_IS_BIG_ENDIAN=0 -DPJ_IS_LITTLE_ENDIAN=1  conftest.c >&5
aconfigure:6117: $? = 0
aconfigure:6117: result: yes
aconfigure:6120: checking for getifaddrs
aconfigure:6120: gcc -o conftest -O2 -DPJ_IS_BIG_ENDIAN=0 -DPJ_IS_LITTLE_ENDIAN=1   conftest.c -lm -lrt -lpthread  >&5
aconfigure:6120: $? = 0
aconfigure:6120: result: yes
aconfigure:6129: checking for semaphore.h
aconfigure:6129: gcc -c -O2 -DPJ_IS_BIG_ENDIAN=0 -DPJ_IS_LITTLE_ENDIAN=1  conftest.c >&5
aconfigure:6129: $? = 0
aconfigure:6129: result: yes
aconfigure:6136: checking for setjmp.h
aconfigure:6136: gcc -c -O2 -DPJ_IS_BIG_ENDIAN=0 -DPJ_IS_LITTLE_ENDIAN=1  conftest.c >&5
aconfigure:6136: $? = 0
aconfigure:6136: result: yes
aconfigure:6143: checking for stdarg.h
aconfigure:6143: gcc -c -O2 -DPJ_IS_BIG_ENDIAN=0 -DPJ_IS_LITTLE_ENDIAN=1  conftest.c >&5
aconfigure:6143: $? = 0
aconfigure:6143: result: yes
aconfigure:6150: checking for stddef.h
aconfigure:6150: gcc -c -O2 -DPJ_IS_BIG_ENDIAN=0 -DPJ_IS_LITTLE_ENDIAN=1  conftest.c >&5
aconfigure:6150: $? = 0
aconfigure:6150: result: yes
aconfigure:6157: checking for stdio.h
aconfigure:6157: result: yes
aconfigure:6164: checking for stdint.h
aconfigure:6164: result: yes
aconfigure:6171: checking for stdlib.h
aconfigure:6171: result: yes
aconfigure:6178: checking for string.h
aconfigure:6178: result: yes
aconfigure:6185: checking for inttypes.h
aconfigure:6185: result: yes
aconfigure:6192: checking for sys/ioctl.h
aconfigure:6192: gcc -c -O2 -DPJ_IS_BIG_ENDIAN=0 -DPJ_IS_LITTLE_ENDIAN=1  conftest.c >&5
aconfigure:6192: $? = 0
aconfigure:6192: result: yes
aconfigure:6199: checking for sys/select.h
aconfigure:6199: gcc -c -O2 -DPJ_IS_BIG_ENDIAN=0 -DPJ_IS_LITTLE_ENDIAN=1  conftest.c >&5
aconfigure:6199: $? = 0
aconfigure:6199: result: yes
aconfigure:6206: checking for sys/socket.h
aconfigure:6206: gcc -c -O2 -DPJ_IS_BIG_ENDIAN=0 -DPJ_IS_LITTLE_ENDIAN=1  conftest.c >&5
aconfigure:6206: $? = 0
aconfigure:6206: result: yes
aconfigure:6213: checking for sys/time.h
aconfigure:6213: gcc -c -O2 -DPJ_IS_BIG_ENDIAN=0 -DPJ_IS_LITTLE_ENDIAN=1  conftest.c >&5
aconfigure:6213: $? = 0
aconfigure:6213: result: yes
aconfigure:6220: checking for sys/timeb.h
aconfigure:6220: gcc -c -O2 -DPJ_IS_BIG_ENDIAN=0 -DPJ_IS_LITTLE_ENDIAN=1  conftest.c >&5
aconfigure:6220: $? = 0
aconfigure:6220: result: yes
aconfigure:6227: checking for sys/types.h
aconfigure:6227: result: yes
aconfigure:6234: checking for sys/filio.h
aconfigure:6234: gcc -c -O2 -DPJ_IS_BIG_ENDIAN=0 -DPJ_IS_LITTLE_ENDIAN=1  conftest.c >&5
conftest.c:83:10: fatal error: sys/filio.h: No such file or directory
   83 | #include <sys/filio.h>
      |          ^~~~~~~~~~~~~
compilation terminated.
aconfigure:6234: $? = 1
aconfigure: failed program was:
| /* confdefs.h */
| #define PACKAGE_NAME "pjproject"
| #define PACKAGE_TARNAME "pjproject"
| #define PACKAGE_VERSION "2.x"
| #define PACKAGE_STRING "pjproject 2.x"
| #define PACKAGE_BUGREPORT ""
| #define PACKAGE_URL ""
| #define HAVE_LIBPTHREAD 1
| #define HAVE_LIBRT 1
| #define HAVE_LIBM 1
| #define PJ_M_NAME "x86_64"
| #define PJ_POOL_ALIGNMENT 8
| #define HAVE_STDIO_H 1
| #define HAVE_STDLIB_H 1
| #define HAVE_STRING_H 1
| #define HAVE_INTTYPES_H 1
| #define HAVE_STDINT_H 1
| #define HAVE_STRINGS_H 1
| #define HAVE_SYS_STAT_H 1
| #define HAVE_SYS_TYPES_H 1
| #define HAVE_UNISTD_H 1
| #define STDC_HEADERS 1
| #define PJ_LINUX 1
| #define PJ_HAS_FLOATING_POINT 1
| #define PJ_HAS_ARPA_INET_H 1
| #define PJ_HAS_ASSERT_H 1
| #define PJ_HAS_CTYPE_H 1
| #define PJ_HAS_ERRNO_H 1
| #define PJ_HAS_FCNTL_H 1
| #define PJ_HAS_LINUX_SOCKET_H 1
| #define PJ_HAS_LIMITS_H 1
| #define PJ_HAS_MALLOC_H 1
| #define PJ_HAS_NETDB_H 1
| #define PJ_HAS_NETINET_IN_SYSTM_H 1
| #define PJ_HAS_NETINET_IN_H 1
| #define PJ_HAS_NETINET_IP_H 1
| #define PJ_HAS_NETINET_TCP_H 1
| #define PJ_HAS_IFADDRS_H 1
| #define PJ_HAS_SEMAPHORE_H 1
| #define PJ_HAS_SETJMP_H 1
| #define PJ_HAS_STDARG_H 1
| #define PJ_HAS_STDDEF_H 1
| #define PJ_HAS_STDIO_H 1
| #define PJ_HAS_STDINT_H 1
| #define PJ_HAS_STDLIB_H 1
| #define PJ_HAS_STRING_H 1
| #define PJ_HAS_INTTYPES_H 1
| #define PJ_HAS_SYS_IOCTL_H 1
| #define PJ_HAS_SYS_SELECT_H 1
| #define PJ_HAS_SYS_SOCKET_H 1
| #define PJ_HAS_SYS_TIME_H 1
| #define PJ_HAS_SYS_TIMEB_H 1
| #define PJ_HAS_SYS_TYPES_H 1
| /* end confdefs.h.  */
| #include <stddef.h>
| #ifdef HAVE_STDIO_H
| # include <stdio.h>
| #endif
| #ifdef HAVE_STDLIB_H
| # include <stdlib.h>
| #endif
| #ifdef HAVE_STRING_H
| # include <string.h>
| #endif
| #ifdef HAVE_INTTYPES_H
| # include <inttypes.h>
| #endif
| #ifdef HAVE_STDINT_H
| # include <stdint.h>
| #endif
| #ifdef HAVE_STRINGS_H
| # include <strings.h>
| #endif
| #ifdef HAVE_SYS_TYPES_H
| # include <sys/types.h>
| #endif
| #ifdef HAVE_SYS_STAT_H
| # include <sys/stat.h>
| #endif
| #ifdef HAVE_UNISTD_H
| # include <unistd.h>
| #endif
| #include <sys/filio.h>
aconfigure:6234: result: no
aconfigure:6241: checking for sys/sockio.h
aconfigure:6241: gcc -c -O2 -DPJ_IS_BIG_ENDIAN=0 -DPJ_IS_LITTLE_ENDIAN=1  conftest.c >&5
conftest.c:83:10: fatal error: sys/sockio.h: No such file or directory
   83 | #include <sys/sockio.h>
      |          ^~~~~~~~~~~~~~
compilation terminated.
aconfigure:6241: $? = 1
aconfigure: failed program was:
| /* confdefs.h */
| #define PACKAGE_NAME "pjproject"
| #define PACKAGE_TARNAME "pjproject"
| #define PACKAGE_VERSION "2.x"
| #define PACKAGE_STRING "pjproject 2.x"
| #define PACKAGE_BUGREPORT ""
| #define PACKAGE_URL ""
| #define HAVE_LIBPTHREAD 1
| #define HAVE_LIBRT 1
| #define HAVE_LIBM 1
| #define PJ_M_NAME "x86_64"
| #define PJ_POOL_ALIGNMENT 8
| #define HAVE_STDIO_H 1
| #define HAVE_STDLIB_H 1
| #define HAVE_STRING_H 1
| #define HAVE_INTTYPES_H 1
| #define HAVE_STDINT_H 1
| #define HAVE_STRINGS_H 1
| #define HAVE_SYS_STAT_H 1
| #define HAVE_SYS_TYPES_H 1
| #define HAVE_UNISTD_H 1
| #define STDC_HEADERS 1
| #define PJ_LINUX 1
| #define PJ_HAS_FLOATING_POINT 1
| #define PJ_HAS_ARPA_INET_H 1
| #define PJ_HAS_ASSERT_H 1
| #define PJ_HAS_CTYPE_H 1
| #define PJ_HAS_ERRNO_H 1
| #define PJ_HAS_FCNTL_H 1
| #define PJ_HAS_LINUX_SOCKET_H 1
| #define PJ_HAS_LIMITS_H 1
| #define PJ_HAS_MALLOC_H 1
| #define PJ_HAS_NETDB_H 1
| #define PJ_HAS_NETINET_IN_SYSTM_H 1
| #define PJ_HAS_NETINET_IN_H 1
| #define PJ_HAS_NETINET_IP_H 1
| #define PJ_HAS_NETINET_TCP_H 1
| #define PJ_HAS_IFADDRS_H 1
| #define PJ_HAS_SEMAPHORE_H 1
| #define PJ_HAS_SETJMP_H 1
| #define PJ_HAS_STDARG_H 1
| #define PJ_HAS_STDDEF_H 1
| #define PJ_HAS_STDIO_H 1
| #define PJ_HAS_STDINT_H 1
| #define PJ_HAS_STDLIB_H 1
| #define PJ_HAS_STRING_H 1
| #define PJ_HAS_INTTYPES_H 1
| #define PJ_HAS_SYS_IOCTL_H 1
| #define PJ_HAS_SYS_SELECT_H 1
| #define PJ_HAS_SYS_SOCKET_H 1
| #define PJ_HAS_SYS_TIME_H 1
| #define PJ_HAS_SYS_TIMEB_H 1
| #define PJ_HAS_SYS_TYPES_H 1
| /* end confdefs.h.  */
| #include <stddef.h>
| #ifdef HAVE_STDIO_H
| # include <stdio.h>
| #endif
| #ifdef HAVE_STDLIB_H
| # include <stdlib.h>
| #endif
| #ifdef HAVE_STRING_H
| # include <string.h>
| #endif
| #ifdef HAVE_INTTYPES_H
| # include <inttypes.h>
| #endif
| #ifdef HAVE_STDINT_H
| # include <stdint.h>
| #endif
| #ifdef HAVE_STRINGS_H
| # include <strings.h>
| #endif
| #ifdef HAVE_SYS_TYPES_H
| # include <sys/types.h>
| #endif
| #ifdef HAVE_SYS_STAT_H
| # include <sys/stat.h>
| #endif
| #ifdef HAVE_UNISTD_H
| # include <unistd.h>
| #endif
| #include <sys/sockio.h>
aconfigure:6241: result: no
aconfigure:6248: checking for sys/utsname.h
aconfigure:6248: gcc -c -O2 -DPJ_IS_BIG_ENDIAN=0 -DPJ_IS_LITTLE_ENDIAN=1  conftest.c >&5
aconfigure:6248: $? = 0
aconfigure:6248: result: yes
aconfigure:6255: checking for time.h
aconfigure:6255: gcc -c -O2 -DPJ_IS_BIG_ENDIAN=0 -DPJ_IS_LITTLE_ENDIAN=1  conftest.c >&5
aconfigure:6255: $? = 0
aconfigure:6255: result: yes
aconfigure:6262: checking for unistd.h
aconfigure:6262: result: yes
aconfigure:6269: checking for execinfo.h
aconfigure:6269: gcc -c -O2 -DPJ_IS_BIG_ENDIAN=0 -DPJ_IS_LITTLE_ENDIAN=1  conftest.c >&5
aconfigure:6269: $? = 0
aconfigure:6269: result: yes
aconfigure:6276: checking for winsock.h
aconfigure:6276: gcc -c -O2 -DPJ_IS_BIG_ENDIAN=0 -DPJ_IS_LITTLE_ENDIAN=1  conftest.c >&5
conftest.c:87:10: fatal error: winsock.h: No such file or directory
   87 | #include <winsock.h>
      |          ^~~~~~~~~~~
compilation terminated.
aconfigure:6276: $? = 1
aconfigure: failed program was:
| /* confdefs.h */
| #define PACKAGE_NAME "pjproject"
| #define PACKAGE_TARNAME "pjproject"
| #define PACKAGE_VERSION "2.x"
| #define PACKAGE_STRING "pjproject 2.x"
| #define PACKAGE_BUGREPORT ""
| #define PACKAGE_URL ""
| #define HAVE_LIBPTHREAD 1
| #define HAVE_LIBRT 1
| #define HAVE_LIBM 1
| #define PJ_M_NAME "x86_64"
| #define PJ_POOL_ALIGNMENT 8
| #define HAVE_STDIO_H 1
| #define HAVE_STDLIB_H 1
| #define HAVE_STRING_H 1
| #define HAVE_INTTYPES_H 1
| #define HAVE_STDINT_H 1
| #define HAVE_STRINGS_H 1
| #define HAVE_SYS_STAT_H 1
| #define HAVE_SYS_TYPES_H 1
| #define HAVE_UNISTD_H 1
| #define STDC_HEADERS 1
| #define PJ_LINUX 1
| #define PJ_HAS_FLOATING_POINT 1
| #define PJ_HAS_ARPA_INET_H 1
| #define PJ_HAS_ASSERT_H 1
| #define PJ_HAS_CTYPE_H 1
| #define PJ_HAS_ERRNO_H 1
| #define PJ_HAS_FCNTL_H 1
| #define PJ_HAS_LINUX_SOCKET_H 1
| #define PJ_HAS_LIMITS_H 1
| #define PJ_HAS_MALLOC_H 1
| #define PJ_HAS_NETDB_H 1
| #define PJ_HAS_NETINET_IN_SYSTM_H 1
| #define PJ_HAS_NETINET_IN_H 1
| #define PJ_HAS_NETINET_IP_H 1
| #define PJ_HAS_NETINET_TCP_H 1
| #define PJ_HAS_IFADDRS_H 1
| #define PJ_HAS_SEMAPHORE_H 1
| #define PJ_HAS_SETJMP_H 1
| #define PJ_HAS_STDARG_H 1
| #define PJ_HAS_STDDEF_H 1
| #define PJ_HAS_STDIO_H 1
| #define PJ_HAS_STDINT_H 1
| #define PJ_HAS_STDLIB_H 1
| #define PJ_HAS_STRING_H 1
| #define PJ_HAS_INTTYPES_H 1
| #define PJ_HAS_SYS_IOCTL_H 1
| #define PJ_HAS_SYS_SELECT_H 1
| #define PJ_HAS_SYS_SOCKET_H 1
| #define PJ_HAS_SYS_TIME_H 1
| #define PJ_HAS_SYS_TIMEB_H 1
| #define PJ_HAS_SYS_TYPES_H 1
| #define PJ_HAS_SYS_UTSNAME_H 1
| #define PJ_HAS_TIME_H 1
| #define PJ_HAS_UNISTD_H 1
| #define PJ_HAS_EXECINFO_H 1
| /* end confdefs.h.  */
| #include <stddef.h>
| #ifdef HAVE_STDIO_H
| # include <stdio.h>
| #endif
| #ifdef HAVE_STDLIB_H
| # include <stdlib.h>
| #endif
| #ifdef HAVE_STRING_H
| # include <string.h>
| #endif
| #ifdef HAVE_INTTYPES_H
| # include <inttypes.h>
| #endif
| #ifdef HAVE_STDINT_H
| # include <stdint.h>
| #endif
| #ifdef HAVE_STRINGS_H
| # include <strings.h>
| #endif
| #ifdef HAVE_SYS_TYPES_H
| # include <sys/types.h>
| #endif
| #ifdef HAVE_SYS_STAT_H
| # include <sys/stat.h>
| #endif
| #ifdef HAVE_UNISTD_H
| # include <unistd.h>
| #endif
| #include <winsock.h>
aconfigure:6276: result: no
aconfigure:6283: checking for winsock2.h
aconfigure:6283: gcc -c -O2 -DPJ_IS_BIG_ENDIAN=0 -DPJ_IS_LITTLE_ENDIAN=1  conftest.c >&5
conftest.c:87:10: fatal error: winsock2.h: No such file or directory
   87 | #include <winsock2.h>
      |          ^~~~~~~~~~~~
compilation terminated.
aconfigure:6283: $? = 1
aconfigure: failed program was:
| /* confdefs.h */
| #define PACKAGE_NAME "pjproject"
| #define PACKAGE_TARNAME "pjproject"
| #define PACKAGE_VERSION "2.x"
| #define PACKAGE_STRING "pjproject 2.x"
| #define PACKAGE_BUGREPORT ""
| #define PACKAGE_URL ""
| #define HAVE_LIBPTHREAD 1
| #define HAVE_LIBRT 1
| #define HAVE_LIBM 1
| #define PJ_M_NAME "x86_64"
| #define PJ_POOL_ALIGNMENT 8
| #define HAVE_STDIO_H 1
| #define HAVE_STDLIB_H 1
| #define HAVE_STRING_H 1
| #define HAVE_INTTYPES_H 1
| #define HAVE_STDINT_H 1
| #define HAVE_STRINGS_H 1
| #define HAVE_SYS_STAT_H 1
| #define HAVE_SYS_TYPES_H 1
| #define HAVE_UNISTD_H 1
| #define STDC_HEADERS 1
| #define PJ_LINUX 1
| #define PJ_HAS_FLOATING_POINT 1
| #define PJ_HAS_ARPA_INET_H 1
| #define PJ_HAS_ASSERT_H 1
| #define PJ_HAS_CTYPE_H 1
| #define PJ_HAS_ERRNO_H 1
| #define PJ_HAS_FCNTL_H 1
| #define PJ_HAS_LINUX_SOCKET_H 1
| #define PJ_HAS_LIMITS_H 1
| #define PJ_HAS_MALLOC_H 1
| #define PJ_HAS_NETDB_H 1
| #define PJ_HAS_NETINET_IN_SYSTM_H 1
| #define PJ_HAS_NETINET_IN_H 1
| #define PJ_HAS_NETINET_IP_H 1
| #define PJ_HAS_NETINET_TCP_H 1
| #define PJ_HAS_IFADDRS_H 1
| #define PJ_HAS_SEMAPHORE_H 1
| #define PJ_HAS_SETJMP_H 1
| #define PJ_HAS_STDARG_H 1
| #define PJ_HAS_STDDEF_H 1
| #define PJ_HAS_STDIO_H 1
| #define PJ_HAS_STDINT_H 1
| #define PJ_HAS_STDLIB_H 1
| #define PJ_HAS_STRING_H 1
| #define PJ_HAS_INTTYPES_H 1
| #define PJ_HAS_SYS_IOCTL_H 1
| #define PJ_HAS_SYS_SELECT_H 1
| #define PJ_HAS_SYS_SOCKET_H 1
| #define PJ_HAS_SYS_TIME_H 1
| #define PJ_HAS_SYS_TIMEB_H 1
| #define PJ_HAS_SYS_TYPES_H 1
| #define PJ_HAS_SYS_UTSNAME_H 1
| #define PJ_HAS_TIME_H 1
| #define PJ_HAS_UNISTD_H 1
| #define PJ_HAS_EXECINFO_H 1
| /* end confdefs.h.  */
| #include <stddef.h>
| #ifdef HAVE_STDIO_H
| # include <stdio.h>
| #endif
| #ifdef HAVE_STDLIB_H
| # include <stdlib.h>
| #endif
| #ifdef HAVE_STRING_H
| # include <string.h>
| #endif
| #ifdef HAVE_INTTYPES_H
| # include <inttypes.h>
| #endif
| #ifdef HAVE_STDINT_H
| # include <stdint.h>
| #endif
| #ifdef HAVE_STRINGS_H
| # include <strings.h>
| #endif
| #ifdef HAVE_SYS_TYPES_H
| # include <sys/types.h>
| #endif
| #ifdef HAVE_SYS_STAT_H
| # include <sys/stat.h>
| #endif
| #ifdef HAVE_UNISTD_H
| # include <unistd.h>
| #endif
| #include <winsock2.h>
aconfigure:6283: result: no
aconfigure:6290: checking for mswsock.h
aconfigure:6290: gcc -c -O2 -DPJ_IS_BIG_ENDIAN=0 -DPJ_IS_LITTLE_ENDIAN=1  conftest.c >&5
conftest.c:68:10: fatal error: mswsock.h: No such file or directory
   68 | #include <mswsock.h>
      |          ^~~~~~~~~~~
compilation terminated.
aconfigure:6290: $? = 1
aconfigure: failed program was:
| /* confdefs.h */
| #define PACKAGE_NAME "pjproject"
| #define PACKAGE_TARNAME "pjproject"
| #define PACKAGE_VERSION "2.x"
| #define PACKAGE_STRING "pjproject 2.x"
| #define PACKAGE_BUGREPORT ""
| #define PACKAGE_URL ""
| #define HAVE_LIBPTHREAD 1
| #define HAVE_LIBRT 1
| #define HAVE_LIBM 1
| #define PJ_M_NAME "x86_64"
| #define PJ_POOL_ALIGNMENT 8
| #define HAVE_STDIO_H 1
| #define HAVE_STDLIB_H 1
| #define HAVE_STRING_H 1
| #define HAVE_INTTYPES_H 1
| #define HAVE_STDINT_H 1
| #define HAVE_STRINGS_H 1
| #define HAVE_SYS_STAT_H 1
| #define HAVE_SYS_TYPES_H 1
| #define HAVE_UNISTD_H 1
| #define STDC_HEADERS 1
| #define PJ_LINUX 1
| #define PJ_HAS_FLOATING_POINT 1
| #define PJ_HAS_ARPA_INET_H 1
| #define PJ_HAS_ASSERT_H 1
| #define PJ_HAS_CTYPE_H 1
| #define PJ_HAS_ERRNO_H 1
| #define PJ_HAS_FCNTL_H 1
| #define PJ_HAS_LINUX_SOCKET_H 1
| #define PJ_HAS_LIMITS_H 1
| #define PJ_HAS_MALLOC_H 1
| #define PJ_HAS_NETDB_H 1
| #define PJ_HAS_NETINET_IN_SYSTM_H 1
| #define PJ_HAS_NETINET_IN_H 1
| #define PJ_HAS_NETINET_IP_H 1
| #define PJ_HAS_NETINET_TCP_H 1
| #define PJ_HAS_IFADDRS_H 1
| #define PJ_HAS_SEMAPHORE_H 1
| #define PJ_HAS_SETJMP_H 1
| #define PJ_HAS_STDARG_H 1
| #define PJ_HAS_STDDEF_H 1
| #define PJ_HAS_STDIO_H 1
| #define PJ_HAS_STDINT_H 1
| #define PJ_HAS_STDLIB_H 1
| #define PJ_HAS_STRING_H 1
| #define PJ_HAS_INTTYPES_H 1
| #define PJ_HAS_SYS_IOCTL_H 1
| #define PJ_HAS_SYS_SELECT_H 1
| #define PJ_HAS_SYS_SOCKET_H 1
| #define PJ_HAS_SYS_TIME_H 1
| #define PJ_HAS_SYS_TIMEB_H 1
| #define PJ_HAS_SYS_TYPES_H 1
| #define PJ_HAS_SYS_UTSNAME_H 1
| #define PJ_HAS_TIME_H 1
| #define PJ_HAS_UNISTD_H 1
| #define PJ_HAS_EXECINFO_H 1
| /* end confdefs.h.  */
| 
|         #if PJ_HAS_WINSOCK2_H
|         #	include <winsock2.h>
|         #elif PJ_HAS_WINSOCK_H
|         #	include <winsock.h>
|         #endif
| 
| 
| 
| #include <mswsock.h>
aconfigure:6290: result: no
aconfigure:6306: checking for ws2tcpip.h
aconfigure:6306: gcc -c -O2 -DPJ_IS_BIG_ENDIAN=0 -DPJ_IS_LITTLE_ENDIAN=1  conftest.c >&5
conftest.c:87:10: fatal error: ws2tcpip.h: No such file or directory
   87 | #include <ws2tcpip.h>
      |          ^~~~~~~~~~~~
compilation terminated.
aconfigure:6306: $? = 1
aconfigure: failed program was:
| /* confdefs.h */
| #define PACKAGE_NAME "pjproject"
| #define PACKAGE_TARNAME "pjproject"
| #define PACKAGE_VERSION "2.x"
| #define PACKAGE_STRING "pjproject 2.x"
| #define PACKAGE_BUGREPORT ""
| #define PACKAGE_URL ""
| #define HAVE_LIBPTHREAD 1
| #define HAVE_LIBRT 1
| #define HAVE_LIBM 1
| #define PJ_M_NAME "x86_64"
| #define PJ_POOL_ALIGNMENT 8
| #define HAVE_STDIO_H 1
| #define HAVE_STDLIB_H 1
| #define HAVE_STRING_H 1
| #define HAVE_INTTYPES_H 1
| #define HAVE_STDINT_H 1
| #define HAVE_STRINGS_H 1
| #define HAVE_SYS_STAT_H 1
| #define HAVE_SYS_TYPES_H 1
| #define HAVE_UNISTD_H 1
| #define STDC_HEADERS 1
| #define PJ_LINUX 1
| #define PJ_HAS_FLOATING_POINT 1
| #define PJ_HAS_ARPA_INET_H 1
| #define PJ_HAS_ASSERT_H 1
| #define PJ_HAS_CTYPE_H 1
| #define PJ_HAS_ERRNO_H 1
| #define PJ_HAS_FCNTL_H 1
| #define PJ_HAS_LINUX_SOCKET_H 1
| #define PJ_HAS_LIMITS_H 1
| #define PJ_HAS_MALLOC_H 1
| #define PJ_HAS_NETDB_H 1
| #define PJ_HAS_NETINET_IN_SYSTM_H 1
| #define PJ_HAS_NETINET_IN_H 1
| #define PJ_HAS_NETINET_IP_H 1
| #define PJ_HAS_NETINET_TCP_H 1
| #define PJ_HAS_IFADDRS_H 1
| #define PJ_HAS_SEMAPHORE_H 1
| #define PJ_HAS_SETJMP_H 1
| #define PJ_HAS_STDARG_H 1
| #define PJ_HAS_STDDEF_H 1
| #define PJ_HAS_STDIO_H 1
| #define PJ_HAS_STDINT_H 1
| #define PJ_HAS_STDLIB_H 1
| #define PJ_HAS_STRING_H 1
| #define PJ_HAS_INTTYPES_H 1
| #define PJ_HAS_SYS_IOCTL_H 1
| #define PJ_HAS_SYS_SELECT_H 1
| #define PJ_HAS_SYS_SOCKET_H 1
| #define PJ_HAS_SYS_TIME_H 1
| #define PJ_HAS_SYS_TIMEB_H 1
| #define PJ_HAS_SYS_TYPES_H 1
| #define PJ_HAS_SYS_UTSNAME_H 1
| #define PJ_HAS_TIME_H 1
| #define PJ_HAS_UNISTD_H 1
| #define PJ_HAS_EXECINFO_H 1
| /* end confdefs.h.  */
| #include <stddef.h>
| #ifdef HAVE_STDIO_H
| # include <stdio.h>
| #endif
| #ifdef HAVE_STDLIB_H
| # include <stdlib.h>
| #endif
| #ifdef HAVE_STRING_H
| # include <string.h>
| #endif
| #ifdef HAVE_INTTYPES_H
| # include <inttypes.h>
| #endif
| #ifdef HAVE_STDINT_H
| # include <stdint.h>
| #endif
| #ifdef HAVE_STRINGS_H
| # include <strings.h>
| #endif
| #ifdef HAVE_SYS_TYPES_H
| # include <sys/types.h>
| #endif
| #ifdef HAVE_SYS_STAT_H
| # include <sys/stat.h>
| #endif
| #ifdef HAVE_UNISTD_H
| # include <unistd.h>
| #endif
| #include <ws2tcpip.h>
aconfigure:6306: result: no
aconfigure:6313: checking for uuid/uuid.h
aconfigure:6313: gcc -c -O2 -DPJ_IS_BIG_ENDIAN=0 -DPJ_IS_LITTLE_ENDIAN=1  conftest.c >&5
conftest.c:87:10: fatal error: uuid/uuid.h: No such file or directory
   87 | #include <uuid/uuid.h>
      |          ^~~~~~~~~~~~~
compilation terminated.
aconfigure:6313: $? = 1
aconfigure: failed program was:
| /* confdefs.h */
| #define PACKAGE_NAME "pjproject"
| #define PACKAGE_TARNAME "pjproject"
| #define PACKAGE_VERSION "2.x"
| #define PACKAGE_STRING "pjproject 2.x"
| #define PACKAGE_BUGREPORT ""
| #define PACKAGE_URL ""
| #define HAVE_LIBPTHREAD 1
| #define HAVE_LIBRT 1
| #define HAVE_LIBM 1
| #define PJ_M_NAME "x86_64"
| #define PJ_POOL_ALIGNMENT 8
| #define HAVE_STDIO_H 1
| #define HAVE_STDLIB_H 1
| #define HAVE_STRING_H 1
| #define HAVE_INTTYPES_H 1
| #define HAVE_STDINT_H 1
| #define HAVE_STRINGS_H 1
| #define HAVE_SYS_STAT_H 1
| #define HAVE_SYS_TYPES_H 1
| #define HAVE_UNISTD_H 1
| #define STDC_HEADERS 1
| #define PJ_LINUX 1
| #define PJ_HAS_FLOATING_POINT 1
| #define PJ_HAS_ARPA_INET_H 1
| #define PJ_HAS_ASSERT_H 1
| #define PJ_HAS_CTYPE_H 1
| #define PJ_HAS_ERRNO_H 1
| #define PJ_HAS_FCNTL_H 1
| #define PJ_HAS_LINUX_SOCKET_H 1
| #define PJ_HAS_LIMITS_H 1
| #define PJ_HAS_MALLOC_H 1
| #define PJ_HAS_NETDB_H 1
| #define PJ_HAS_NETINET_IN_SYSTM_H 1
| #define PJ_HAS_NETINET_IN_H 1
| #define PJ_HAS_NETINET_IP_H 1
| #define PJ_HAS_NETINET_TCP_H 1
| #define PJ_HAS_IFADDRS_H 1
| #define PJ_HAS_SEMAPHORE_H 1
| #define PJ_HAS_SETJMP_H 1
| #define PJ_HAS_STDARG_H 1
| #define PJ_HAS_STDDEF_H 1
| #define PJ_HAS_STDIO_H 1
| #define PJ_HAS_STDINT_H 1
| #define PJ_HAS_STDLIB_H 1
| #define PJ_HAS_STRING_H 1
| #define PJ_HAS_INTTYPES_H 1
| #define PJ_HAS_SYS_IOCTL_H 1
| #define PJ_HAS_SYS_SELECT_H 1
| #define PJ_HAS_SYS_SOCKET_H 1
| #define PJ_HAS_SYS_TIME_H 1
| #define PJ_HAS_SYS_TIMEB_H 1
| #define PJ_HAS_SYS_TYPES_H 1
| #define PJ_HAS_SYS_UTSNAME_H 1
| #define PJ_HAS_TIME_H 1
| #define PJ_HAS_UNISTD_H 1
| #define PJ_HAS_EXECINFO_H 1
| /* end confdefs.h.  */
| #include <stddef.h>
| #ifdef HAVE_STDIO_H
| # include <stdio.h>
| #endif
| #ifdef HAVE_STDLIB_H
| # include <stdlib.h>
| #endif
| #ifdef HAVE_STRING_H
| # include <string.h>
| #endif
| #ifdef HAVE_INTTYPES_H
| # include <inttypes.h>
| #endif
| #ifdef HAVE_STDINT_H
| # include <stdint.h>
| #endif
| #ifdef HAVE_STRINGS_H
| # include <strings.h>
| #endif
| #ifdef HAVE_SYS_TYPES_H
| # include <sys/types.h>
| #endif
| #ifdef HAVE_SYS_STAT_H
| # include <sys/stat.h>
| #endif
| #ifdef HAVE_UNISTD_H
| # include <unistd.h>
| #endif
| #include <uuid/uuid.h>
aconfigure:6313: result: no
aconfigure:6319: checking for net/if.h
aconfigure:6319: gcc -c -O2 -DPJ_IS_BIG_ENDIAN=0 -DPJ_IS_LITTLE_ENDIAN=1  conftest.c >&5
aconfigure:6319: $? = 0
aconfigure:6319: result: yes
aconfigure:6348: checking for localtime_r
aconfigure:6348: gcc -o conftest -O2 -DPJ_IS_BIG_ENDIAN=0 -DPJ_IS_LITTLE_ENDIAN=1   conftest.c -lm -lrt -lpthread  >&5
aconfigure:6348: $? = 0
aconfigure:6348: result: yes
aconfigure:6356: result: Setting PJ_OS_NAME to x86_64-unknown-linux-gnu
aconfigure:6361: result: Setting PJ_HAS_ERRNO_VAR to 1
aconfigure:6366: result: Setting PJ_HAS_HIGH_RES_TIMER to 1
aconfigure:6371: result: Setting PJ_HAS_MALLOC to 1
aconfigure:6376: result: Setting PJ_NATIVE_STRING_IS_UNICODE to 0
aconfigure:6381: result: Setting PJ_ATOMIC_VALUE_TYPE to long
aconfigure:6386: checking if inet_aton() is available
aconfigure:6404: gcc -c -O2 -DPJ_IS_BIG_ENDIAN=0 -DPJ_IS_LITTLE_ENDIAN=1  conftest.c >&5
aconfigure:6404: $? = 0
aconfigure:6409: result: yes
aconfigure:6420: checking if inet_pton() is available
aconfigure:6438: gcc -c -O2 -DPJ_IS_BIG_ENDIAN=0 -DPJ_IS_LITTLE_ENDIAN=1  conftest.c >&5
aconfigure:6438: $? = 0
aconfigure:6443: result: yes
aconfigure:6454: checking if inet_ntop() is available
aconfigure:6472: gcc -c -O2 -DPJ_IS_BIG_ENDIAN=0 -DPJ_IS_LITTLE_ENDIAN=1  conftest.c >&5
aconfigure:6472: $? = 0
aconfigure:6477: result: yes
aconfigure:6488: checking if getaddrinfo() is available
aconfigure:6506: gcc -c -O2 -DPJ_IS_BIG_ENDIAN=0 -DPJ_IS_LITTLE_ENDIAN=1  conftest.c >&5
aconfigure:6506: $? = 0
aconfigure:6511: result: yes
aconfigure:6522: checking if socketpair() is available
aconfigure:6539: gcc -c -O2 -DPJ_IS_BIG_ENDIAN=0 -DPJ_IS_LITTLE_ENDIAN=1  conftest.c >&5
aconfigure:6539: $? = 0
aconfigure:6544: result: yes
aconfigure:6555: checking if sockaddr_in has sin_len member
aconfigure:6574: gcc -c -O2 -DPJ_IS_BIG_ENDIAN=0 -DPJ_IS_LITTLE_ENDIAN=1  conftest.c >&5
conftest.c: In function 'main':
conftest.c:81:24: error: 'struct sockaddr_in' has no member named 'sin_len'
   81 | struct sockaddr_in a; a.sin_len=0;
      |                        ^
aconfigure:6574: $? = 1
aconfigure: failed program was:
| /* confdefs.h */
| #define PACKAGE_NAME "pjproject"
| #define PACKAGE_TARNAME "pjproject"
| #define PACKAGE_VERSION "2.x"
| #define PACKAGE_STRING "pjproject 2.x"
| #define PACKAGE_BUGREPORT ""
| #define PACKAGE_URL ""
| #define HAVE_LIBPTHREAD 1
| #define HAVE_LIBRT 1
| #define HAVE_LIBM 1
| #define PJ_M_NAME "x86_64"
| #define PJ_POOL_ALIGNMENT 8
| #define HAVE_STDIO_H 1
| #define HAVE_STDLIB_H 1
| #define HAVE_STRING_H 1
| #define HAVE_INTTYPES_H 1
| #define HAVE_STDINT_H 1
| #define HAVE_STRINGS_H 1
| #define HAVE_SYS_STAT_H 1
| #define HAVE_SYS_TYPES_H 1
| #define HAVE_UNISTD_H 1
| #define STDC_HEADERS 1
| #define PJ_LINUX 1
| #define PJ_HAS_FLOATING_POINT 1
| #define PJ_HAS_ARPA_INET_H 1
| #define PJ_HAS_ASSERT_H 1
| #define PJ_HAS_CTYPE_H 1
| #define PJ_HAS_ERRNO_H 1
| #define PJ_HAS_FCNTL_H 1
| #define PJ_HAS_LINUX_SOCKET_H 1
| #define PJ_HAS_LIMITS_H 1
| #define PJ_HAS_MALLOC_H 1
| #define PJ_HAS_NETDB_H 1
| #define PJ_HAS_NETINET_IN_SYSTM_H 1
| #define PJ_HAS_NETINET_IN_H 1
| #define PJ_HAS_NETINET_IP_H 1
| #define PJ_HAS_NETINET_TCP_H 1
| #define PJ_HAS_IFADDRS_H 1
| #define PJ_HAS_SEMAPHORE_H 1
| #define PJ_HAS_SETJMP_H 1
| #define PJ_HAS_STDARG_H 1
| #define PJ_HAS_STDDEF_H 1
| #define PJ_HAS_STDIO_H 1
| #define PJ_HAS_STDINT_H 1
| #define PJ_HAS_STDLIB_H 1
| #define PJ_HAS_STRING_H 1
| #define PJ_HAS_INTTYPES_H 1
| #define PJ_HAS_SYS_IOCTL_H 1
| #define PJ_HAS_SYS_SELECT_H 1
| #define PJ_HAS_SYS_SOCKET_H 1
| #define PJ_HAS_SYS_TIME_H 1
| #define PJ_HAS_SYS_TIMEB_H 1
| #define PJ_HAS_SYS_TYPES_H 1
| #define PJ_HAS_SYS_UTSNAME_H 1
| #define PJ_HAS_TIME_H 1
| #define PJ_HAS_UNISTD_H 1
| #define PJ_HAS_EXECINFO_H 1
| #define PJ_HAS_NET_IF_H 1
| #define PJ_HAS_LOCALTIME_R 1
| #define PJ_OS_NAME "x86_64-unknown-linux-gnu"
| #define PJ_HAS_ERRNO_VAR 1
| #define PJ_HAS_HIGH_RES_TIMER 1
| #define PJ_HAS_MALLOC 1
| #define PJ_NATIVE_STRING_IS_UNICODE 0
| #define PJ_ATOMIC_VALUE_TYPE long
| #define PJ_SOCK_HAS_INET_ATON 1
| #define PJ_SOCK_HAS_INET_PTON 1
| #define PJ_SOCK_HAS_INET_NTOP 1
| #define PJ_SOCK_HAS_GETADDRINFO 1
| #define PJ_SOCK_HAS_SOCKETPAIR 1
| /* end confdefs.h.  */
| 
| 
|             #include <sys/types.h>
|             #include <sys/socket.h>
|             #include <netinet/in.h>
|             #include <arpa/inet.h>
| int
| main (void)
| {
| struct sockaddr_in a; a.sin_len=0;
|   ;
|   return 0;
| }
| 
aconfigure:6583: result: no
aconfigure:6590: checking if socklen_t is available
aconfigure:6607: gcc -c -O2 -DPJ_IS_BIG_ENDIAN=0 -DPJ_IS_LITTLE_ENDIAN=1  conftest.c >&5
aconfigure:6607: $? = 0
aconfigure:6612: result: yes
aconfigure:6623: checking if IPV6_V6ONLY is available
aconfigure:6640: gcc -c -O2 -DPJ_IS_BIG_ENDIAN=0 -DPJ_IS_LITTLE_ENDIAN=1  conftest.c >&5
aconfigure:6640: $? = 0
aconfigure:6645: result: yes
aconfigure:6656: checking if SO_ERROR is available
aconfigure:6683: gcc -c -O2 -DPJ_IS_BIG_ENDIAN=0 -DPJ_IS_LITTLE_ENDIAN=1  conftest.c >&5
aconfigure:6683: $? = 0
aconfigure:6688: result: yes
aconfigure:6702: checking if pthread_rwlock_t is available
aconfigure:6717: gcc -c -O2 -DPJ_IS_BIG_ENDIAN=0 -DPJ_IS_LITTLE_ENDIAN=1  conftest.c >&5
aconfigure:6717: $? = 0
aconfigure:6723: result: yes
aconfigure:6779: checking if pthread_mutexattr_settype() is available
aconfigure:6794: gcc -c -O2 -DPJ_IS_BIG_ENDIAN=0 -DPJ_IS_LITTLE_ENDIAN=1  conftest.c >&5
conftest.c: In function 'main':
conftest.c:81:29: error: 'PTHREAD_MUTEX_FAST_NP' undeclared (first use in this function); did you mean 'PTHREAD_MUTEX_ROBUST_NP'?
   81 | pthread_mutexattr_settype(0,PTHREAD_MUTEX_FAST_NP);
      |                             ^~~~~~~~~~~~~~~~~~~~~
      |                             PTHREAD_MUTEX_ROBUST_NP
conftest.c:81:29: note: each undeclared identifier is reported only once for each function it appears in
aconfigure:6794: $? = 1
aconfigure: failed program was:
| /* confdefs.h */
| #define PACKAGE_NAME "pjproject"
| #define PACKAGE_TARNAME "pjproject"
| #define PACKAGE_VERSION "2.x"
| #define PACKAGE_STRING "pjproject 2.x"
| #define PACKAGE_BUGREPORT ""
| #define PACKAGE_URL ""
| #define HAVE_LIBPTHREAD 1
| #define HAVE_LIBRT 1
| #define HAVE_LIBM 1
| #define PJ_M_NAME "x86_64"
| #define PJ_POOL_ALIGNMENT 8
| #define HAVE_STDIO_H 1
| #define HAVE_STDLIB_H 1
| #define HAVE_STRING_H 1
| #define HAVE_INTTYPES_H 1
| #define HAVE_STDINT_H 1
| #define HAVE_STRINGS_H 1
| #define HAVE_SYS_STAT_H 1
| #define HAVE_SYS_TYPES_H 1
| #define HAVE_UNISTD_H 1
| #define STDC_HEADERS 1
| #define PJ_LINUX 1
| #define PJ_HAS_FLOATING_POINT 1
| #define PJ_HAS_ARPA_INET_H 1
| #define PJ_HAS_ASSERT_H 1
| #define PJ_HAS_CTYPE_H 1
| #define PJ_HAS_ERRNO_H 1
| #define PJ_HAS_FCNTL_H 1
| #define PJ_HAS_LINUX_SOCKET_H 1
| #define PJ_HAS_LIMITS_H 1
| #define PJ_HAS_MALLOC_H 1
| #define PJ_HAS_NETDB_H 1
| #define PJ_HAS_NETINET_IN_SYSTM_H 1
| #define PJ_HAS_NETINET_IN_H 1
| #define PJ_HAS_NETINET_IP_H 1
| #define PJ_HAS_NETINET_TCP_H 1
| #define PJ_HAS_IFADDRS_H 1
| #define PJ_HAS_SEMAPHORE_H 1
| #define PJ_HAS_SETJMP_H 1
| #define PJ_HAS_STDARG_H 1
| #define PJ_HAS_STDDEF_H 1
| #define PJ_HAS_STDIO_H 1
| #define PJ_HAS_STDINT_H 1
| #define PJ_HAS_STDLIB_H 1
| #define PJ_HAS_STRING_H 1
| #define PJ_HAS_INTTYPES_H 1
| #define PJ_HAS_SYS_IOCTL_H 1
| #define PJ_HAS_SYS_SELECT_H 1
| #define PJ_HAS_SYS_SOCKET_H 1
| #define PJ_HAS_SYS_TIME_H 1
| #define PJ_HAS_SYS_TIMEB_H 1
| #define PJ_HAS_SYS_TYPES_H 1
| #define PJ_HAS_SYS_UTSNAME_H 1
| #define PJ_HAS_TIME_H 1
| #define PJ_HAS_UNISTD_H 1
| #define PJ_HAS_EXECINFO_H 1
| #define PJ_HAS_NET_IF_H 1
| #define PJ_HAS_LOCALTIME_R 1
| #define PJ_OS_NAME "x86_64-unknown-linux-gnu"
| #define PJ_HAS_ERRNO_VAR 1
| #define PJ_HAS_HIGH_RES_TIMER 1
| #define PJ_HAS_MALLOC 1
| #define PJ_NATIVE_STRING_IS_UNICODE 0
| #define PJ_ATOMIC_VALUE_TYPE long
| #define PJ_SOCK_HAS_INET_ATON 1
| #define PJ_SOCK_HAS_INET_PTON 1
| #define PJ_SOCK_HAS_INET_NTOP 1
| #define PJ_SOCK_HAS_GETADDRINFO 1
| #define PJ_SOCK_HAS_SOCKETPAIR 1
| #define PJ_HAS_SOCKLEN_T 1
| #define PJ_SOCK_HAS_IPV6_V6ONLY 1
| #define PJ_HAS_SO_ERROR 1
| #define PJ_EMULATE_RWMUTEX 0
| /* end confdefs.h.  */
| 
|         #include <pthread.h>
| int
| main (void)
| {
| pthread_mutexattr_settype(0,PTHREAD_MUTEX_FAST_NP);
|   ;
|   return 0;
| }
| 
aconfigure:6803: result: no
aconfigure:6810: checking if pthread_mutexattr_t has recursive member
aconfigure:6825: gcc -c -O2 -DPJ_IS_BIG_ENDIAN=0 -DPJ_IS_LITTLE_ENDIAN=1  conftest.c >&5
conftest.c: In function 'main':
conftest.c:81:31: error: 'pthread_mutexattr_t' has no member named 'recursive'
   81 | pthread_mutexattr_t attr; attr.recursive=1;
      |                               ^
aconfigure:6825: $? = 1
aconfigure: failed program was:
| /* confdefs.h */
| #define PACKAGE_NAME "pjproject"
| #define PACKAGE_TARNAME "pjproject"
| #define PACKAGE_VERSION "2.x"
| #define PACKAGE_STRING "pjproject 2.x"
| #define PACKAGE_BUGREPORT ""
| #define PACKAGE_URL ""
| #define HAVE_LIBPTHREAD 1
| #define HAVE_LIBRT 1
| #define HAVE_LIBM 1
| #define PJ_M_NAME "x86_64"
| #define PJ_POOL_ALIGNMENT 8
| #define HAVE_STDIO_H 1
| #define HAVE_STDLIB_H 1
| #define HAVE_STRING_H 1
| #define HAVE_INTTYPES_H 1
| #define HAVE_STDINT_H 1
| #define HAVE_STRINGS_H 1
| #define HAVE_SYS_STAT_H 1
| #define HAVE_SYS_TYPES_H 1
| #define HAVE_UNISTD_H 1
| #define STDC_HEADERS 1
| #define PJ_LINUX 1
| #define PJ_HAS_FLOATING_POINT 1
| #define PJ_HAS_ARPA_INET_H 1
| #define PJ_HAS_ASSERT_H 1
| #define PJ_HAS_CTYPE_H 1
| #define PJ_HAS_ERRNO_H 1
| #define PJ_HAS_FCNTL_H 1
| #define PJ_HAS_LINUX_SOCKET_H 1
| #define PJ_HAS_LIMITS_H 1
| #define PJ_HAS_MALLOC_H 1
| #define PJ_HAS_NETDB_H 1
| #define PJ_HAS_NETINET_IN_SYSTM_H 1
| #define PJ_HAS_NETINET_IN_H 1
| #define PJ_HAS_NETINET_IP_H 1
| #define PJ_HAS_NETINET_TCP_H 1
| #define PJ_HAS_IFADDRS_H 1
| #define PJ_HAS_SEMAPHORE_H 1
| #define PJ_HAS_SETJMP_H 1
| #define PJ_HAS_STDARG_H 1
| #define PJ_HAS_STDDEF_H 1
| #define PJ_HAS_STDIO_H 1
| #define PJ_HAS_STDINT_H 1
| #define PJ_HAS_STDLIB_H 1
| #define PJ_HAS_STRING_H 1
| #define PJ_HAS_INTTYPES_H 1
| #define PJ_HAS_SYS_IOCTL_H 1
| #define PJ_HAS_SYS_SELECT_H 1
| #define PJ_HAS_SYS_SOCKET_H 1
| #define PJ_HAS_SYS_TIME_H 1
| #define PJ_HAS_SYS_TIMEB_H 1
| #define PJ_HAS_SYS_TYPES_H 1
| #define PJ_HAS_SYS_UTSNAME_H 1
| #define PJ_HAS_TIME_H 1
| #define PJ_HAS_UNISTD_H 1
| #define PJ_HAS_EXECINFO_H 1
| #define PJ_HAS_NET_IF_H 1
| #define PJ_HAS_LOCALTIME_R 1
| #define PJ_OS_NAME "x86_64-unknown-linux-gnu"
| #define PJ_HAS_ERRNO_VAR 1
| #define PJ_HAS_HIGH_RES_TIMER 1
| #define PJ_HAS_MALLOC 1
| #define PJ_NATIVE_STRING_IS_UNICODE 0
| #define PJ_ATOMIC_VALUE_TYPE long
| #define PJ_SOCK_HAS_INET_ATON 1
| #define PJ_SOCK_HAS_INET_PTON 1
| #define PJ_SOCK_HAS_INET_NTOP 1
| #define PJ_SOCK_HAS_GETADDRINFO 1
| #define PJ_SOCK_HAS_SOCKETPAIR 1
| #define PJ_HAS_SOCKLEN_T 1
| #define PJ_SOCK_HAS_IPV6_V6ONLY 1
| #define PJ_HAS_SO_ERROR 1
| #define PJ_EMULATE_RWMUTEX 0
| /* end confdefs.h.  */
| 
|         #include <pthread.h>
| int
| main (void)
| {
| pthread_mutexattr_t attr; attr.recursive=1;
|   ;
|   return 0;
| }
| 
aconfigure:6834: result: no
aconfigure:6843: checking ioqueue backend
aconfigure:6893: result: select()
aconfigure:6916: result: Building shared libraries... no
aconfigure:6935: result: Building pjsua2 library and application... yes
aconfigure:7036: checking UPnP usability
aconfigure:7063: gcc -o conftest  -O2 -DPJ_IS_BIG_ENDIAN=0 -DPJ_IS_LITTLE_ENDIAN=1    conftest.c -lupnp -lixml -lm -lrt -lpthread  >&5
conftest.c:78:30: fatal error: upnp/upnp.h: No such file or directory
   78 |                     #include <upnp/upnp.h>
      |                              ^~~~~~~~~~~~~
compilation terminated.
aconfigure:7063: $? = 1
aconfigure: failed program was:
| /* confdefs.h */
| #define PACKAGE_NAME "pjproject"
| #define PACKAGE_TARNAME "pjproject"
| #define PACKAGE_VERSION "2.x"
| #define PACKAGE_STRING "pjproject 2.x"
| #define PACKAGE_BUGREPORT ""
| #define PACKAGE_URL ""
| #define HAVE_LIBPTHREAD 1
| #define HAVE_LIBRT 1
| #define HAVE_LIBM 1
| #define PJ_M_NAME "x86_64"
| #define PJ_POOL_ALIGNMENT 8
| #define HAVE_STDIO_H 1
| #define HAVE_STDLIB_H 1
| #define HAVE_STRING_H 1
| #define HAVE_INTTYPES_H 1
| #define HAVE_STDINT_H 1
| #define HAVE_STRINGS_H 1
| #define HAVE_SYS_STAT_H 1
| #define HAVE_SYS_TYPES_H 1
| #define HAVE_UNISTD_H 1
| #define STDC_HEADERS 1
| #define PJ_LINUX 1
| #define PJ_HAS_FLOATING_POINT 1
| #define PJ_HAS_ARPA_INET_H 1
| #define PJ_HAS_ASSERT_H 1
| #define PJ_HAS_CTYPE_H 1
| #define PJ_HAS_ERRNO_H 1
| #define PJ_HAS_FCNTL_H 1
| #define PJ_HAS_LINUX_SOCKET_H 1
| #define PJ_HAS_LIMITS_H 1
| #define PJ_HAS_MALLOC_H 1
| #define PJ_HAS_NETDB_H 1
| #define PJ_HAS_NETINET_IN_SYSTM_H 1
| #define PJ_HAS_NETINET_IN_H 1
| #define PJ_HAS_NETINET_IP_H 1
| #define PJ_HAS_NETINET_TCP_H 1
| #define PJ_HAS_IFADDRS_H 1
| #define PJ_HAS_SEMAPHORE_H 1
| #define PJ_HAS_SETJMP_H 1
| #define PJ_HAS_STDARG_H 1
| #define PJ_HAS_STDDEF_H 1
| #define PJ_HAS_STDIO_H 1
| #define PJ_HAS_STDINT_H 1
| #define PJ_HAS_STDLIB_H 1
| #define PJ_HAS_STRING_H 1
| #define PJ_HAS_INTTYPES_H 1
| #define PJ_HAS_SYS_IOCTL_H 1
| #define PJ_HAS_SYS_SELECT_H 1
| #define PJ_HAS_SYS_SOCKET_H 1
| #define PJ_HAS_SYS_TIME_H 1
| #define PJ_HAS_SYS_TIMEB_H 1
| #define PJ_HAS_SYS_TYPES_H 1
| #define PJ_HAS_SYS_UTSNAME_H 1
| #define PJ_HAS_TIME_H 1
| #define PJ_HAS_UNISTD_H 1
| #define PJ_HAS_EXECINFO_H 1
| #define PJ_HAS_NET_IF_H 1
| #define PJ_HAS_LOCALTIME_R 1
| #define PJ_OS_NAME "x86_64-unknown-linux-gnu"
| #define PJ_HAS_ERRNO_VAR 1
| #define PJ_HAS_HIGH_RES_TIMER 1
| #define PJ_HAS_MALLOC 1
| #define PJ_NATIVE_STRING_IS_UNICODE 0
| #define PJ_ATOMIC_VALUE_TYPE long
| #define PJ_SOCK_HAS_INET_ATON 1
| #define PJ_SOCK_HAS_INET_PTON 1
| #define PJ_SOCK_HAS_INET_NTOP 1
| #define PJ_SOCK_HAS_GETADDRINFO 1
| #define PJ_SOCK_HAS_SOCKETPAIR 1
| #define PJ_HAS_SOCKLEN_T 1
| #define PJ_SOCK_HAS_IPV6_V6ONLY 1
| #define PJ_HAS_SO_ERROR 1
| #define PJ_EMULATE_RWMUTEX 0
| /* end confdefs.h.  */
| 
| 
|                     #include <upnp/upnp.h>
| int
| main (void)
| {
| UpnpInit2(NULL, 0);
|   ;
|   return 0;
| }
| 
aconfigure:7076: result: no
aconfigure:7632: checking for sys/soundcard.h
aconfigure:7632: gcc -c -O2 -DPJ_IS_BIG_ENDIAN=0 -DPJ_IS_LITTLE_ENDIAN=1  conftest.c >&5
aconfigure:7632: $? = 0
aconfigure:7632: result: yes
aconfigure:7638: checking for linux/soundcard.h
aconfigure:7638: gcc -c -O2 -DPJ_IS_BIG_ENDIAN=0 -DPJ_IS_LITTLE_ENDIAN=1  conftest.c >&5
aconfigure:7638: $? = 0
aconfigure:7638: result: yes
aconfigure:7644: checking for machine/soundcard.h
aconfigure:7644: gcc -c -O2 -DPJ_IS_BIG_ENDIAN=0 -DPJ_IS_LITTLE_ENDIAN=1  conftest.c >&5
conftest.c:104:10: fatal error: machine/soundcard.h: No such file or directory
  104 | #include <machine/soundcard.h>
      |          ^~~~~~~~~~~~~~~~~~~~~
compilation terminated.
aconfigure:7644: $? = 1
aconfigure: failed program was:
| /* confdefs.h */
| #define PACKAGE_NAME "pjproject"
| #define PACKAGE_TARNAME "pjproject"
| #define PACKAGE_VERSION "2.x"
| #define PACKAGE_STRING "pjproject 2.x"
| #define PACKAGE_BUGREPORT ""
| #define PACKAGE_URL ""
| #define HAVE_LIBPTHREAD 1
| #define HAVE_LIBRT 1
| #define HAVE_LIBM 1
| #define PJ_M_NAME "x86_64"
| #define PJ_POOL_ALIGNMENT 8
| #define HAVE_STDIO_H 1
| #define HAVE_STDLIB_H 1
| #define HAVE_STRING_H 1
| #define HAVE_INTTYPES_H 1
| #define HAVE_STDINT_H 1
| #define HAVE_STRINGS_H 1
| #define HAVE_SYS_STAT_H 1
| #define HAVE_SYS_TYPES_H 1
| #define HAVE_UNISTD_H 1
| #define STDC_HEADERS 1
| #define PJ_LINUX 1
| #define PJ_HAS_FLOATING_POINT 1
| #define PJ_HAS_ARPA_INET_H 1
| #define PJ_HAS_ASSERT_H 1
| #define PJ_HAS_CTYPE_H 1
| #define PJ_HAS_ERRNO_H 1
| #define PJ_HAS_FCNTL_H 1
| #define PJ_HAS_LINUX_SOCKET_H 1
| #define PJ_HAS_LIMITS_H 1
| #define PJ_HAS_MALLOC_H 1
| #define PJ_HAS_NETDB_H 1
| #define PJ_HAS_NETINET_IN_SYSTM_H 1
| #define PJ_HAS_NETINET_IN_H 1
| #define PJ_HAS_NETINET_IP_H 1
| #define PJ_HAS_NETINET_TCP_H 1
| #define PJ_HAS_IFADDRS_H 1
| #define PJ_HAS_SEMAPHORE_H 1
| #define PJ_HAS_SETJMP_H 1
| #define PJ_HAS_STDARG_H 1
| #define PJ_HAS_STDDEF_H 1
| #define PJ_HAS_STDIO_H 1
| #define PJ_HAS_STDINT_H 1
| #define PJ_HAS_STDLIB_H 1
| #define PJ_HAS_STRING_H 1
| #define PJ_HAS_INTTYPES_H 1
| #define PJ_HAS_SYS_IOCTL_H 1
| #define PJ_HAS_SYS_SELECT_H 1
| #define PJ_HAS_SYS_SOCKET_H 1
| #define PJ_HAS_SYS_TIME_H 1
| #define PJ_HAS_SYS_TIMEB_H 1
| #define PJ_HAS_SYS_TYPES_H 1
| #define PJ_HAS_SYS_UTSNAME_H 1
| #define PJ_HAS_TIME_H 1
| #define PJ_HAS_UNISTD_H 1
| #define PJ_HAS_EXECINFO_H 1
| #define PJ_HAS_NET_IF_H 1
| #define PJ_HAS_LOCALTIME_R 1
| #define PJ_OS_NAME "x86_64-unknown-linux-gnu"
| #define PJ_HAS_ERRNO_VAR 1
| #define PJ_HAS_HIGH_RES_TIMER 1
| #define PJ_HAS_MALLOC 1
| #define PJ_NATIVE_STRING_IS_UNICODE 0
| #define PJ_ATOMIC_VALUE_TYPE long
| #define PJ_SOCK_HAS_INET_ATON 1
| #define PJ_SOCK_HAS_INET_PTON 1
| #define PJ_SOCK_HAS_INET_NTOP 1
| #define PJ_SOCK_HAS_GETADDRINFO 1
| #define PJ_SOCK_HAS_SOCKETPAIR 1
| #define PJ_HAS_SOCKLEN_T 1
| #define PJ_SOCK_HAS_IPV6_V6ONLY 1
| #define PJ_HAS_SO_ERROR 1
| #define PJ_EMULATE_RWMUTEX 0
| /* end confdefs.h.  */
| #include <stddef.h>
| #ifdef HAVE_STDIO_H
| # include <stdio.h>
| #endif
| #ifdef HAVE_STDLIB_H
| # include <stdlib.h>
| #endif
| #ifdef HAVE_STRING_H
| # include <string.h>
| #endif
| #ifdef HAVE_INTTYPES_H
| # include <inttypes.h>
| #endif
| #ifdef HAVE_STDINT_H
| # include <stdint.h>
| #endif
| #ifdef HAVE_STRINGS_H
| # include <strings.h>
| #endif
| #ifdef HAVE_SYS_TYPES_H
| # include <sys/types.h>
| #endif
| #ifdef HAVE_SYS_STAT_H
| # include <sys/stat.h>
| #endif
| #ifdef HAVE_UNISTD_H
| # include <unistd.h>
| #endif
| #include <machine/soundcard.h>
aconfigure:7644: result: no
aconfigure:7791: checking for alsa/version.h
aconfigure:7791: gcc -c -O2 -DPJ_IS_BIG_ENDIAN=0 -DPJ_IS_LITTLE_ENDIAN=1  conftest.c >&5
conftest.c:104:10: fatal error: alsa/version.h: No such file or directory
  104 | #include <alsa/version.h>
      |          ^~~~~~~~~~~~~~~~
compilation terminated.
aconfigure:7791: $? = 1
aconfigure: failed program was:
| /* confdefs.h */
| #define PACKAGE_NAME "pjproject"
| #define PACKAGE_TARNAME "pjproject"
| #define PACKAGE_VERSION "2.x"
| #define PACKAGE_STRING "pjproject 2.x"
| #define PACKAGE_BUGREPORT ""
| #define PACKAGE_URL ""
| #define HAVE_LIBPTHREAD 1
| #define HAVE_LIBRT 1
| #define HAVE_LIBM 1
| #define PJ_M_NAME "x86_64"
| #define PJ_POOL_ALIGNMENT 8
| #define HAVE_STDIO_H 1
| #define HAVE_STDLIB_H 1
| #define HAVE_STRING_H 1
| #define HAVE_INTTYPES_H 1
| #define HAVE_STDINT_H 1
| #define HAVE_STRINGS_H 1
| #define HAVE_SYS_STAT_H 1
| #define HAVE_SYS_TYPES_H 1
| #define HAVE_UNISTD_H 1
| #define STDC_HEADERS 1
| #define PJ_LINUX 1
| #define PJ_HAS_FLOATING_POINT 1
| #define PJ_HAS_ARPA_INET_H 1
| #define PJ_HAS_ASSERT_H 1
| #define PJ_HAS_CTYPE_H 1
| #define PJ_HAS_ERRNO_H 1
| #define PJ_HAS_FCNTL_H 1
| #define PJ_HAS_LINUX_SOCKET_H 1
| #define PJ_HAS_LIMITS_H 1
| #define PJ_HAS_MALLOC_H 1
| #define PJ_HAS_NETDB_H 1
| #define PJ_HAS_NETINET_IN_SYSTM_H 1
| #define PJ_HAS_NETINET_IN_H 1
| #define PJ_HAS_NETINET_IP_H 1
| #define PJ_HAS_NETINET_TCP_H 1
| #define PJ_HAS_IFADDRS_H 1
| #define PJ_HAS_SEMAPHORE_H 1
| #define PJ_HAS_SETJMP_H 1
| #define PJ_HAS_STDARG_H 1
| #define PJ_HAS_STDDEF_H 1
| #define PJ_HAS_STDIO_H 1
| #define PJ_HAS_STDINT_H 1
| #define PJ_HAS_STDLIB_H 1
| #define PJ_HAS_STRING_H 1
| #define PJ_HAS_INTTYPES_H 1
| #define PJ_HAS_SYS_IOCTL_H 1
| #define PJ_HAS_SYS_SELECT_H 1
| #define PJ_HAS_SYS_SOCKET_H 1
| #define PJ_HAS_SYS_TIME_H 1
| #define PJ_HAS_SYS_TIMEB_H 1
| #define PJ_HAS_SYS_TYPES_H 1
| #define PJ_HAS_SYS_UTSNAME_H 1
| #define PJ_HAS_TIME_H 1
| #define PJ_HAS_UNISTD_H 1
| #define PJ_HAS_EXECINFO_H 1
| #define PJ_HAS_NET_IF_H 1
| #define PJ_HAS_LOCALTIME_R 1
| #define PJ_OS_NAME "x86_64-unknown-linux-gnu"
| #define PJ_HAS_ERRNO_VAR 1
| #define PJ_HAS_HIGH_RES_TIMER 1
| #define PJ_HAS_MALLOC 1
| #define PJ_NATIVE_STRING_IS_UNICODE 0
| #define PJ_ATOMIC_VALUE_TYPE long
| #define PJ_SOCK_HAS_INET_ATON 1
| #define PJ_SOCK_HAS_INET_PTON 1
| #define PJ_SOCK_HAS_INET_NTOP 1
| #define PJ_SOCK_HAS_GETADDRINFO 1
| #define PJ_SOCK_HAS_SOCKETPAIR 1
| #define PJ_HAS_SOCKLEN_T 1
| #define PJ_SOCK_HAS_IPV6_V6ONLY 1
| #define PJ_HAS_SO_ERROR 1
| #define PJ_EMULATE_RWMUTEX 0
| /* end confdefs.h.  */
| #include <stddef.h>
| #ifdef HAVE_STDIO_H
| # include <stdio.h>
| #endif
| #ifdef HAVE_STDLIB_H
| # include <stdlib.h>
| #endif
| #ifdef HAVE_STRING_H
| # include <string.h>
| #endif
| #ifdef HAVE_INTTYPES_H
| # include <inttypes.h>
| #endif
| #ifdef HAVE_STDINT_H
| # include <stdint.h>
| #endif
| #ifdef HAVE_STRINGS_H
| # include <strings.h>
| #endif
| #ifdef HAVE_SYS_TYPES_H
| # include <sys/types.h>
| #endif
| #ifdef HAVE_SYS_STAT_H
| # include <sys/stat.h>
| #endif
| #ifdef HAVE_UNISTD_H
| # include <unistd.h>
| #endif
| #include <alsa/version.h>
aconfigure:7791: result: no
aconfigure:7803: result: Checking sound device backend... null sound
aconfigure:7828: result: Video is disabled
aconfigure:8117: result: Checking if small filter is disabled... no
aconfigure:8136: result: Checking if large filter is disabled... no
aconfigure:8155: result: Checking if Speex AEC is disabled...no
aconfigure:8176: result: Checking if G.711 codec is disabled...no
aconfigure:8198: result: Checking if L16 codec is disabled...no
aconfigure:8219: result: Checking if GSM codec is disabled...no
aconfigure:8240: result: Checking if G.722 codec is disabled...no
aconfigure:8261: result: Checking if G.722.1 codec is disabled...no
aconfigure:8282: result: Checking if Speex codec is disabled...no
aconfigure:8303: result: Checking if iLBC codec is disabled...no
aconfigure:8375: result: Checking if libsamplerate is enabled...no
aconfigure:8394: result: Building libresample as shared library... no
aconfigure:8415: result: Checking if Speex resample is enabled... no
aconfigure:8443: result: Checking if SDL is disabled... yes
aconfigure:8603: result: Checking if ffmpeg is disabled... yes
aconfigure:9002: result: Checking if V4L2 is disabled... yes
aconfigure:9090: result: Checking if OpenH264 is disabled... yes
aconfigure:9185: result: Checking if VPX is disabled... yes
aconfigure:9572: result: Skipping Intel IPP settings (not wanted)
aconfigure:9779: result: checking for OpenSSL installations..
aconfigure:9784: checking for openssl/ssl.h
aconfigure:9784: gcc -c -O2 -DPJ_IS_BIG_ENDIAN=0 -DPJ_IS_LITTLE_ENDIAN=1  conftest.c >&5
conftest.c:104:10: fatal error: openssl/ssl.h: No such file or directory
  104 | #include <openssl/ssl.h>
      |          ^~~~~~~~~~~~~~~
compilation terminated.
aconfigure:9784: $? = 1
aconfigure: failed program was:
| /* confdefs.h */
| #define PACKAGE_NAME "pjproject"
| #define PACKAGE_TARNAME "pjproject"
| #define PACKAGE_VERSION "2.x"
| #define PACKAGE_STRING "pjproject 2.x"
| #define PACKAGE_BUGREPORT ""
| #define PACKAGE_URL ""
| #define HAVE_LIBPTHREAD 1
| #define HAVE_LIBRT 1
| #define HAVE_LIBM 1
| #define PJ_M_NAME "x86_64"
| #define PJ_POOL_ALIGNMENT 8
| #define HAVE_STDIO_H 1
| #define HAVE_STDLIB_H 1
| #define HAVE_STRING_H 1
| #define HAVE_INTTYPES_H 1
| #define HAVE_STDINT_H 1
| #define HAVE_STRINGS_H 1
| #define HAVE_SYS_STAT_H 1
| #define HAVE_SYS_TYPES_H 1
| #define HAVE_UNISTD_H 1
| #define STDC_HEADERS 1
| #define PJ_LINUX 1
| #define PJ_HAS_FLOATING_POINT 1
| #define PJ_HAS_ARPA_INET_H 1
| #define PJ_HAS_ASSERT_H 1
| #define PJ_HAS_CTYPE_H 1
| #define PJ_HAS_ERRNO_H 1
| #define PJ_HAS_FCNTL_H 1
| #define PJ_HAS_LINUX_SOCKET_H 1
| #define PJ_HAS_LIMITS_H 1
| #define PJ_HAS_MALLOC_H 1
| #define PJ_HAS_NETDB_H 1
| #define PJ_HAS_NETINET_IN_SYSTM_H 1
| #define PJ_HAS_NETINET_IN_H 1
| #define PJ_HAS_NETINET_IP_H 1
| #define PJ_HAS_NETINET_TCP_H 1
| #define PJ_HAS_IFADDRS_H 1
| #define PJ_HAS_SEMAPHORE_H 1
| #define PJ_HAS_SETJMP_H 1
| #define PJ_HAS_STDARG_H 1
| #define PJ_HAS_STDDEF_H 1
| #define PJ_HAS_STDIO_H 1
| #define PJ_HAS_STDINT_H 1
| #define PJ_HAS_STDLIB_H 1
| #define PJ_HAS_STRING_H 1
| #define PJ_HAS_INTTYPES_H 1
| #define PJ_HAS_SYS_IOCTL_H 1
| #define PJ_HAS_SYS_SELECT_H 1
| #define PJ_HAS_SYS_SOCKET_H 1
| #define PJ_HAS_SYS_TIME_H 1
| #define PJ_HAS_SYS_TIMEB_H 1
| #define PJ_HAS_SYS_TYPES_H 1
| #define PJ_HAS_SYS_UTSNAME_H 1
| #define PJ_HAS_TIME_H 1
| #define PJ_HAS_UNISTD_H 1
| #define PJ_HAS_EXECINFO_H 1
| #define PJ_HAS_NET_IF_H 1
| #define PJ_HAS_LOCALTIME_R 1
| #define PJ_OS_NAME "x86_64-unknown-linux-gnu"
| #define PJ_HAS_ERRNO_VAR 1
| #define PJ_HAS_HIGH_RES_TIMER 1
| #define PJ_HAS_MALLOC 1
| #define PJ_NATIVE_STRING_IS_UNICODE 0
| #define PJ_ATOMIC_VALUE_TYPE long
| #define PJ_SOCK_HAS_INET_ATON 1
| #define PJ_SOCK_HAS_INET_PTON 1
| #define PJ_SOCK_HAS_INET_NTOP 1
| #define PJ_SOCK_HAS_GETADDRINFO 1
| #define PJ_SOCK_HAS_SOCKETPAIR 1
| #define PJ_HAS_SOCKLEN_T 1
| #define PJ_SOCK_HAS_IPV6_V6ONLY 1
| #define PJ_HAS_SO_ERROR 1
| #define PJ_EMULATE_RWMUTEX 0
| /* end confdefs.h.  */
| #include <stddef.h>
| #ifdef HAVE_STDIO_H
| # include <stdio.h>
| #endif
| #ifdef HAVE_STDLIB_H
| # include <stdlib.h>
| #endif
| #ifdef HAVE_STRING_H
| # include <string.h>
| #endif
| #ifdef HAVE_INTTYPES_H
| # include <inttypes.h>
| #endif
| #ifdef HAVE_STDINT_H
| # include <stdint.h>
| #endif
| #ifdef HAVE_STRINGS_H
| # include <strings.h>
| #endif
| #ifdef HAVE_SYS_TYPES_H
| # include <sys/types.h>
| #endif
| #ifdef HAVE_SYS_STAT_H
| # include <sys/stat.h>
| #endif
| #ifdef HAVE_UNISTD_H
| # include <unistd.h>
| #endif
| #include <openssl/ssl.h>
aconfigure:9784: result: no
aconfigure:9791: checking for ERR_load_BIO_strings in -lcrypto
aconfigure:9820: gcc -o conftest -O2 -DPJ_IS_BIG_ENDIAN=0 -DPJ_IS_LITTLE_ENDIAN=1   conftest.c -lcrypto  -lm -lrt -lpthread  >&5
/usr/bin/ld: cannot find -lcrypto: No such file or directory
collect2: error: ld returned 1 exit status
aconfigure:9820: $? = 1
aconfigure: failed program was:
| /* confdefs.h */
| #define PACKAGE_NAME "pjproject"
| #define PACKAGE_TARNAME "pjproject"
| #define PACKAGE_VERSION "2.x"
| #define PACKAGE_STRING "pjproject 2.x"
| #define PACKAGE_BUGREPORT ""
| #define PACKAGE_URL ""
| #define HAVE_LIBPTHREAD 1
| #define HAVE_LIBRT 1
| #define HAVE_LIBM 1
| #define PJ_M_NAME "x86_64"
| #define PJ_POOL_ALIGNMENT 8
| #define HAVE_STDIO_H 1
| #define HAVE_STDLIB_H 1
| #define HAVE_STRING_H 1
| #define HAVE_INTTYPES_H 1
| #define HAVE_STDINT_H 1
| #define HAVE_STRINGS_H 1
| #define HAVE_SYS_STAT_H 1
| #define HAVE_SYS_TYPES_H 1
| #define HAVE_UNISTD_H 1
| #define STDC_HEADERS 1
| #define PJ_LINUX 1
| #define PJ_HAS_FLOATING_POINT 1
| #define PJ_HAS_ARPA_INET_H 1
| #define PJ_HAS_ASSERT_H 1
| #define PJ_HAS_CTYPE_H 1
| #define PJ_HAS_ERRNO_H 1
| #define PJ_HAS_FCNTL_H 1
| #define PJ_HAS_LINUX_SOCKET_H 1
| #define PJ_HAS_LIMITS_H 1
| #define PJ_HAS_MALLOC_H 1
| #define PJ_HAS_NETDB_H 1
| #define PJ_HAS_NETINET_IN_SYSTM_H 1
| #define PJ_HAS_NETINET_IN_H 1
| #define PJ_HAS_NETINET_IP_H 1
| #define PJ_HAS_NETINET_TCP_H 1
| #define PJ_HAS_IFADDRS_H 1
| #define PJ_HAS_SEMAPHORE_H 1
| #define PJ_HAS_SETJMP_H 1
| #define PJ_HAS_STDARG_H 1
| #define PJ_HAS_STDDEF_H 1
| #define PJ_HAS_STDIO_H 1
| #define PJ_HAS_STDINT_H 1
| #define PJ_HAS_STDLIB_H 1
| #define PJ_HAS_STRING_H 1
| #define PJ_HAS_INTTYPES_H 1
| #define PJ_HAS_SYS_IOCTL_H 1
| #define PJ_HAS_SYS_SELECT_H 1
| #define PJ_HAS_SYS_SOCKET_H 1
| #define PJ_HAS_SYS_TIME_H 1
| #define PJ_HAS_SYS_TIMEB_H 1
| #define PJ_HAS_SYS_TYPES_H 1
| #define PJ_HAS_SYS_UTSNAME_H 1
| #define PJ_HAS_TIME_H 1
| #define PJ_HAS_UNISTD_H 1
| #define PJ_HAS_EXECINFO_H 1
| #define PJ_HAS_NET_IF_H 1
| #define PJ_HAS_LOCALTIME_R 1
| #define PJ_OS_NAME "x86_64-unknown-linux-gnu"
| #define PJ_HAS_ERRNO_VAR 1
| #define PJ_HAS_HIGH_RES_TIMER 1
| #define PJ_HAS_MALLOC 1
| #define PJ_NATIVE_STRING_IS_UNICODE 0
| #define PJ_ATOMIC_VALUE_TYPE long
| #define PJ_SOCK_HAS_INET_ATON 1
| #define PJ_SOCK_HAS_INET_PTON 1
| #define PJ_SOCK_HAS_INET_NTOP 1
| #define PJ_SOCK_HAS_GETADDRINFO 1
| #define PJ_SOCK_HAS_SOCKETPAIR 1
| #define PJ_HAS_SOCKLEN_T 1
| #define PJ_SOCK_HAS_IPV6_V6ONLY 1
| #define PJ_HAS_SO_ERROR 1
| #define PJ_EMULATE_RWMUTEX 0
| /* end confdefs.h.  */
| 
| /* Override any GCC internal prototype to avoid an error.
|    Use char because int might match the return type of a GCC
|    builtin and then its argument prototype would still apply.
|    The 'extern "C"' is for builds by C++ compilers;
|    although this is not generally supported in C code supporting it here
|    has little cost and some practical benefit (sr 110532).  */
| #ifdef __cplusplus
| extern "C"
| #endif
| char ERR_load_BIO_strings (void);
| int
| main (void)
| {
| return ERR_load_BIO_strings ();
|   ;
|   return 0;
| }
aconfigure:9832: result: no
aconfigure:9840: checking for ERR_get_error in -lcrypto
aconfigure:9869: gcc -o conftest -O2 -DPJ_IS_BIG_ENDIAN=0 -DPJ_IS_LITTLE_ENDIAN=1   conftest.c -lcrypto  -lm -lrt -lpthread  >&5
/usr/bin/ld: cannot find -lcrypto: No such file or directory
collect2: error: ld returned 1 exit status
aconfigure:9869: $? = 1
aconfigure: failed program was:
| /* confdefs.h */
| #define PACKAGE_NAME "pjproject"
| #define PACKAGE_TARNAME "pjproject"
| #define PACKAGE_VERSION "2.x"
| #define PACKAGE_STRING "pjproject 2.x"
| #define PACKAGE_BUGREPORT ""
| #define PACKAGE_URL ""
| #define HAVE_LIBPTHREAD 1
| #define HAVE_LIBRT 1
| #define HAVE_LIBM 1
| #define PJ_M_NAME "x86_64"
| #define PJ_POOL_ALIGNMENT 8
| #define HAVE_STDIO_H 1
| #define HAVE_STDLIB_H 1
| #define HAVE_STRING_H 1
| #define HAVE_INTTYPES_H 1
| #define HAVE_STDINT_H 1
| #define HAVE_STRINGS_H 1
| #define HAVE_SYS_STAT_H 1
| #define HAVE_SYS_TYPES_H 1
| #define HAVE_UNISTD_H 1
| #define STDC_HEADERS 1
| #define PJ_LINUX 1
| #define PJ_HAS_FLOATING_POINT 1
| #define PJ_HAS_ARPA_INET_H 1
| #define PJ_HAS_ASSERT_H 1
| #define PJ_HAS_CTYPE_H 1
| #define PJ_HAS_ERRNO_H 1
| #define PJ_HAS_FCNTL_H 1
| #define PJ_HAS_LINUX_SOCKET_H 1
| #define PJ_HAS_LIMITS_H 1
| #define PJ_HAS_MALLOC_H 1
| #define PJ_HAS_NETDB_H 1
| #define PJ_HAS_NETINET_IN_SYSTM_H 1
| #define PJ_HAS_NETINET_IN_H 1
| #define PJ_HAS_NETINET_IP_H 1
| #define PJ_HAS_NETINET_TCP_H 1
| #define PJ_HAS_IFADDRS_H 1
| #define PJ_HAS_SEMAPHORE_H 1
| #define PJ_HAS_SETJMP_H 1
| #define PJ_HAS_STDARG_H 1
| #define PJ_HAS_STDDEF_H 1
| #define PJ_HAS_STDIO_H 1
| #define PJ_HAS_STDINT_H 1
| #define PJ_HAS_STDLIB_H 1
| #define PJ_HAS_STRING_H 1
| #define PJ_HAS_INTTYPES_H 1
| #define PJ_HAS_SYS_IOCTL_H 1
| #define PJ_HAS_SYS_SELECT_H 1
| #define PJ_HAS_SYS_SOCKET_H 1
| #define PJ_HAS_SYS_TIME_H 1
| #define PJ_HAS_SYS_TIMEB_H 1
| #define PJ_HAS_SYS_TYPES_H 1
| #define PJ_HAS_SYS_UTSNAME_H 1
| #define PJ_HAS_TIME_H 1
| #define PJ_HAS_UNISTD_H 1
| #define PJ_HAS_EXECINFO_H 1
| #define PJ_HAS_NET_IF_H 1
| #define PJ_HAS_LOCALTIME_R 1
| #define PJ_OS_NAME "x86_64-unknown-linux-gnu"
| #define PJ_HAS_ERRNO_VAR 1
| #define PJ_HAS_HIGH_RES_TIMER 1
| #define PJ_HAS_MALLOC 1
| #define PJ_NATIVE_STRING_IS_UNICODE 0
| #define PJ_ATOMIC_VALUE_TYPE long
| #define PJ_SOCK_HAS_INET_ATON 1
| #define PJ_SOCK_HAS_INET_PTON 1
| #define PJ_SOCK_HAS_INET_NTOP 1
| #define PJ_SOCK_HAS_GETADDRINFO 1
| #define PJ_SOCK_HAS_SOCKETPAIR 1
| #define PJ_HAS_SOCKLEN_T 1
| #define PJ_SOCK_HAS_IPV6_V6ONLY 1
| #define PJ_HAS_SO_ERROR 1
| #define PJ_EMULATE_RWMUTEX 0
| /* end confdefs.h.  */
| 
| /* Override any GCC internal prototype to avoid an error.
|    Use char because int might match the return type of a GCC
|    builtin and then its argument prototype would still apply.
|    The 'extern "C"' is for builds by C++ compilers;
|    although this is not generally supported in C code supporting it here
|    has little cost and some practical benefit (sr 110532).  */
| #ifdef __cplusplus
| extern "C"
| #endif
| char ERR_get_error (void);
| int
| main (void)
| {
| return ERR_get_error ();
|   ;
|   return 0;
| }
aconfigure:9881: result: no
aconfigure:9894: checking for SSL_CTX_new in -lssl
aconfigure:9923: gcc -o conftest -O2 -DPJ_IS_BIG_ENDIAN=0 -DPJ_IS_LITTLE_ENDIAN=1   conftest.c -lssl  -lm -lrt -lpthread  >&5
/usr/bin/ld: cannot find -lssl: No such file or directory
collect2: error: ld returned 1 exit status
aconfigure:9923: $? = 1
aconfigure: failed program was:
| /* confdefs.h */
| #define PACKAGE_NAME "pjproject"
| #define PACKAGE_TARNAME "pjproject"
| #define PACKAGE_VERSION "2.x"
| #define PACKAGE_STRING "pjproject 2.x"
| #define PACKAGE_BUGREPORT ""
| #define PACKAGE_URL ""
| #define HAVE_LIBPTHREAD 1
| #define HAVE_LIBRT 1
| #define HAVE_LIBM 1
| #define PJ_M_NAME "x86_64"
| #define PJ_POOL_ALIGNMENT 8
| #define HAVE_STDIO_H 1
| #define HAVE_STDLIB_H 1
| #define HAVE_STRING_H 1
| #define HAVE_INTTYPES_H 1
| #define HAVE_STDINT_H 1
| #define HAVE_STRINGS_H 1
| #define HAVE_SYS_STAT_H 1
| #define HAVE_SYS_TYPES_H 1
| #define HAVE_UNISTD_H 1
| #define STDC_HEADERS 1
| #define PJ_LINUX 1
| #define PJ_HAS_FLOATING_POINT 1
| #define PJ_HAS_ARPA_INET_H 1
| #define PJ_HAS_ASSERT_H 1
| #define PJ_HAS_CTYPE_H 1
| #define PJ_HAS_ERRNO_H 1
| #define PJ_HAS_FCNTL_H 1
| #define PJ_HAS_LINUX_SOCKET_H 1
| #define PJ_HAS_LIMITS_H 1
| #define PJ_HAS_MALLOC_H 1
| #define PJ_HAS_NETDB_H 1
| #define PJ_HAS_NETINET_IN_SYSTM_H 1
| #define PJ_HAS_NETINET_IN_H 1
| #define PJ_HAS_NETINET_IP_H 1
| #define PJ_HAS_NETINET_TCP_H 1
| #define PJ_HAS_IFADDRS_H 1
| #define PJ_HAS_SEMAPHORE_H 1
| #define PJ_HAS_SETJMP_H 1
| #define PJ_HAS_STDARG_H 1
| #define PJ_HAS_STDDEF_H 1
| #define PJ_HAS_STDIO_H 1
| #define PJ_HAS_STDINT_H 1
| #define PJ_HAS_STDLIB_H 1
| #define PJ_HAS_STRING_H 1
| #define PJ_HAS_INTTYPES_H 1
| #define PJ_HAS_SYS_IOCTL_H 1
| #define PJ_HAS_SYS_SELECT_H 1
| #define PJ_HAS_SYS_SOCKET_H 1
| #define PJ_HAS_SYS_TIME_H 1
| #define PJ_HAS_SYS_TIMEB_H 1
| #define PJ_HAS_SYS_TYPES_H 1
| #define PJ_HAS_SYS_UTSNAME_H 1
| #define PJ_HAS_TIME_H 1
| #define PJ_HAS_UNISTD_H 1
| #define PJ_HAS_EXECINFO_H 1
| #define PJ_HAS_NET_IF_H 1
| #define PJ_HAS_LOCALTIME_R 1
| #define PJ_OS_NAME "x86_64-unknown-linux-gnu"
| #define PJ_HAS_ERRNO_VAR 1
| #define PJ_HAS_HIGH_RES_TIMER 1
| #define PJ_HAS_MALLOC 1
| #define PJ_NATIVE_STRING_IS_UNICODE 0
| #define PJ_ATOMIC_VALUE_TYPE long
| #define PJ_SOCK_HAS_INET_ATON 1
| #define PJ_SOCK_HAS_INET_PTON 1
| #define PJ_SOCK_HAS_INET_NTOP 1
| #define PJ_SOCK_HAS_GETADDRINFO 1
| #define PJ_SOCK_HAS_SOCKETPAIR 1
| #define PJ_HAS_SOCKLEN_T 1
| #define PJ_SOCK_HAS_IPV6_V6ONLY 1
| #define PJ_HAS_SO_ERROR 1
| #define PJ_EMULATE_RWMUTEX 0
| /* end confdefs.h.  */
| 
| /* Override any GCC internal prototype to avoid an error.
|    Use char because int might match the return type of a GCC
|    builtin and then its argument prototype would still apply.
|    The 'extern "C"' is for builds by C++ compilers;
|    although this is not generally supported in C code supporting it here
|    has little cost and some practical benefit (sr 110532).  */
| #ifdef __cplusplus
| extern "C"
| #endif
| char SSL_CTX_new (void);
| int
| main (void)
| {
| return SSL_CTX_new ();
|   ;
|   return 0;
| }
aconfigure:9935: result: no
aconfigure:10041: result: ** OpenSSL libraries not found **
aconfigure:10054: result: checking for GnuTLS installations..
aconfigure:10058: checking for gnutls/gnutls.h
aconfigure:10058: gcc -c -O2 -DPJ_IS_BIG_ENDIAN=0 -DPJ_IS_LITTLE_ENDIAN=1  conftest.c >&5
conftest.c:104:10: fatal error: gnutls/gnutls.h: No such file or directory
  104 | #include <gnutls/gnutls.h>
      |          ^~~~~~~~~~~~~~~~~
compilation terminated.
aconfigure:10058: $? = 1
aconfigure: failed program was:
| /* confdefs.h */
| #define PACKAGE_NAME "pjproject"
| #define PACKAGE_TARNAME "pjproject"
| #define PACKAGE_VERSION "2.x"
| #define PACKAGE_STRING "pjproject 2.x"
| #define PACKAGE_BUGREPORT ""
| #define PACKAGE_URL ""
| #define HAVE_LIBPTHREAD 1
| #define HAVE_LIBRT 1
| #define HAVE_LIBM 1
| #define PJ_M_NAME "x86_64"
| #define PJ_POOL_ALIGNMENT 8
| #define HAVE_STDIO_H 1
| #define HAVE_STDLIB_H 1
| #define HAVE_STRING_H 1
| #define HAVE_INTTYPES_H 1
| #define HAVE_STDINT_H 1
| #define HAVE_STRINGS_H 1
| #define HAVE_SYS_STAT_H 1
| #define HAVE_SYS_TYPES_H 1
| #define HAVE_UNISTD_H 1
| #define STDC_HEADERS 1
| #define PJ_LINUX 1
| #define PJ_HAS_FLOATING_POINT 1
| #define PJ_HAS_ARPA_INET_H 1
| #define PJ_HAS_ASSERT_H 1
| #define PJ_HAS_CTYPE_H 1
| #define PJ_HAS_ERRNO_H 1
| #define PJ_HAS_FCNTL_H 1
| #define PJ_HAS_LINUX_SOCKET_H 1
| #define PJ_HAS_LIMITS_H 1
| #define PJ_HAS_MALLOC_H 1
| #define PJ_HAS_NETDB_H 1
| #define PJ_HAS_NETINET_IN_SYSTM_H 1
| #define PJ_HAS_NETINET_IN_H 1
| #define PJ_HAS_NETINET_IP_H 1
| #define PJ_HAS_NETINET_TCP_H 1
| #define PJ_HAS_IFADDRS_H 1
| #define PJ_HAS_SEMAPHORE_H 1
| #define PJ_HAS_SETJMP_H 1
| #define PJ_HAS_STDARG_H 1
| #define PJ_HAS_STDDEF_H 1
| #define PJ_HAS_STDIO_H 1
| #define PJ_HAS_STDINT_H 1
| #define PJ_HAS_STDLIB_H 1
| #define PJ_HAS_STRING_H 1
| #define PJ_HAS_INTTYPES_H 1
| #define PJ_HAS_SYS_IOCTL_H 1
| #define PJ_HAS_SYS_SELECT_H 1
| #define PJ_HAS_SYS_SOCKET_H 1
| #define PJ_HAS_SYS_TIME_H 1
| #define PJ_HAS_SYS_TIMEB_H 1
| #define PJ_HAS_SYS_TYPES_H 1
| #define PJ_HAS_SYS_UTSNAME_H 1
| #define PJ_HAS_TIME_H 1
| #define PJ_HAS_UNISTD_H 1
| #define PJ_HAS_EXECINFO_H 1
| #define PJ_HAS_NET_IF_H 1
| #define PJ_HAS_LOCALTIME_R 1
| #define PJ_OS_NAME "x86_64-unknown-linux-gnu"
| #define PJ_HAS_ERRNO_VAR 1
| #define PJ_HAS_HIGH_RES_TIMER 1
| #define PJ_HAS_MALLOC 1
| #define PJ_NATIVE_STRING_IS_UNICODE 0
| #define PJ_ATOMIC_VALUE_TYPE long
| #define PJ_SOCK_HAS_INET_ATON 1
| #define PJ_SOCK_HAS_INET_PTON 1
| #define PJ_SOCK_HAS_INET_NTOP 1
| #define PJ_SOCK_HAS_GETADDRINFO 1
| #define PJ_SOCK_HAS_SOCKETPAIR 1
| #define PJ_HAS_SOCKLEN_T 1
| #define PJ_SOCK_HAS_IPV6_V6ONLY 1
| #define PJ_HAS_SO_ERROR 1
| #define PJ_EMULATE_RWMUTEX 0
| /* end confdefs.h.  */
| #include <stddef.h>
| #ifdef HAVE_STDIO_H
| # include <stdio.h>
| #endif
| #ifdef HAVE_STDLIB_H
| # include <stdlib.h>
| #endif
| #ifdef HAVE_STRING_H
| # include <string.h>
| #endif
| #ifdef HAVE_INTTYPES_H
| # include <inttypes.h>
| #endif
| #ifdef HAVE_STDINT_H
| # include <stdint.h>
| #endif
| #ifdef HAVE_STRINGS_H
| # include <strings.h>
| #endif
| #ifdef HAVE_SYS_TYPES_H
| # include <sys/types.h>
| #endif
| #ifdef HAVE_SYS_STAT_H
| # include <sys/stat.h>
| #endif
| #ifdef HAVE_UNISTD_H
| # include <unistd.h>
| #endif
| #include <gnutls/gnutls.h>
aconfigure:10058: result: no
aconfigure:10121: result: *** Warning: neither pkg-config nor python is available, disabling gnutls. ***
aconfigure:10134: result: ** No GnuTLS libraries found, disabling SSL support **
aconfigure:10209: result: checking for OpenCORE AMR installations..
aconfigure:10229: checking for opencore-amrnb/interf_enc.h
aconfigure:10229: gcc -c -O2 -DPJ_IS_BIG_ENDIAN=0 -DPJ_IS_LITTLE_ENDIAN=1  conftest.c >&5
conftest.c:104:10: fatal error: opencore-amrnb/interf_enc.h: No such file or directory
  104 | #include <opencore-amrnb/interf_enc.h>
      |          ^~~~~~~~~~~~~~~~~~~~~~~~~~~~~
compilation terminated.
aconfigure:10229: $? = 1
aconfigure: failed program was:
| /* confdefs.h */
| #define PACKAGE_NAME "pjproject"
| #define PACKAGE_TARNAME "pjproject"
| #define PACKAGE_VERSION "2.x"
| #define PACKAGE_STRING "pjproject 2.x"
| #define PACKAGE_BUGREPORT ""
| #define PACKAGE_URL ""
| #define HAVE_LIBPTHREAD 1
| #define HAVE_LIBRT 1
| #define HAVE_LIBM 1
| #define PJ_M_NAME "x86_64"
| #define PJ_POOL_ALIGNMENT 8
| #define HAVE_STDIO_H 1
| #define HAVE_STDLIB_H 1
| #define HAVE_STRING_H 1
| #define HAVE_INTTYPES_H 1
| #define HAVE_STDINT_H 1
| #define HAVE_STRINGS_H 1
| #define HAVE_SYS_STAT_H 1
| #define HAVE_SYS_TYPES_H 1
| #define HAVE_UNISTD_H 1
| #define STDC_HEADERS 1
| #define PJ_LINUX 1
| #define PJ_HAS_FLOATING_POINT 1
| #define PJ_HAS_ARPA_INET_H 1
| #define PJ_HAS_ASSERT_H 1
| #define PJ_HAS_CTYPE_H 1
| #define PJ_HAS_ERRNO_H 1
| #define PJ_HAS_FCNTL_H 1
| #define PJ_HAS_LINUX_SOCKET_H 1
| #define PJ_HAS_LIMITS_H 1
| #define PJ_HAS_MALLOC_H 1
| #define PJ_HAS_NETDB_H 1
| #define PJ_HAS_NETINET_IN_SYSTM_H 1
| #define PJ_HAS_NETINET_IN_H 1
| #define PJ_HAS_NETINET_IP_H 1
| #define PJ_HAS_NETINET_TCP_H 1
| #define PJ_HAS_IFADDRS_H 1
| #define PJ_HAS_SEMAPHORE_H 1
| #define PJ_HAS_SETJMP_H 1
| #define PJ_HAS_STDARG_H 1
| #define PJ_HAS_STDDEF_H 1
| #define PJ_HAS_STDIO_H 1
| #define PJ_HAS_STDINT_H 1
| #define PJ_HAS_STDLIB_H 1
| #define PJ_HAS_STRING_H 1
| #define PJ_HAS_INTTYPES_H 1
| #define PJ_HAS_SYS_IOCTL_H 1
| #define PJ_HAS_SYS_SELECT_H 1
| #define PJ_HAS_SYS_SOCKET_H 1
| #define PJ_HAS_SYS_TIME_H 1
| #define PJ_HAS_SYS_TIMEB_H 1
| #define PJ_HAS_SYS_TYPES_H 1
| #define PJ_HAS_SYS_UTSNAME_H 1
| #define PJ_HAS_TIME_H 1
| #define PJ_HAS_UNISTD_H 1
| #define PJ_HAS_EXECINFO_H 1
| #define PJ_HAS_NET_IF_H 1
| #define PJ_HAS_LOCALTIME_R 1
| #define PJ_OS_NAME "x86_64-unknown-linux-gnu"
| #define PJ_HAS_ERRNO_VAR 1
| #define PJ_HAS_HIGH_RES_TIMER 1
| #define PJ_HAS_MALLOC 1
| #define PJ_NATIVE_STRING_IS_UNICODE 0
| #define PJ_ATOMIC_VALUE_TYPE long
| #define PJ_SOCK_HAS_INET_ATON 1
| #define PJ_SOCK_HAS_INET_PTON 1
| #define PJ_SOCK_HAS_INET_NTOP 1
| #define PJ_SOCK_HAS_GETADDRINFO 1
| #define PJ_SOCK_HAS_SOCKETPAIR 1
| #define PJ_HAS_SOCKLEN_T 1
| #define PJ_SOCK_HAS_IPV6_V6ONLY 1
| #define PJ_HAS_SO_ERROR 1
| #define PJ_EMULATE_RWMUTEX 0
| /* end confdefs.h.  */
| #include <stddef.h>
| #ifdef HAVE_STDIO_H
| # include <stdio.h>
| #endif
| #ifdef HAVE_STDLIB_H
| # include <stdlib.h>
| #endif
| #ifdef HAVE_STRING_H
| # include <string.h>
| #endif
| #ifdef HAVE_INTTYPES_H
| # include <inttypes.h>
| #endif
| #ifdef HAVE_STDINT_H
| # include <stdint.h>
| #endif
| #ifdef HAVE_STRINGS_H
| # include <strings.h>
| #endif
| #ifdef HAVE_SYS_TYPES_H
| # include <sys/types.h>
| #endif
| #ifdef HAVE_SYS_STAT_H
| # include <sys/stat.h>
| #endif
| #ifdef HAVE_UNISTD_H
| # include <unistd.h>
| #endif
| #include <opencore-amrnb/interf_enc.h>
aconfigure:10229: result: no
aconfigure:10235: checking for Encoder_Interface_init in -lopencore-amrnb
aconfigure:10264: gcc -o conftest -O2 -DPJ_IS_BIG_ENDIAN=0 -DPJ_IS_LITTLE_ENDIAN=1   conftest.c -lopencore-amrnb  -lm -lrt -lpthread  >&5
/usr/bin/ld: cannot find -lopencore-amrnb: No such file or directory
collect2: error: ld returned 1 exit status
aconfigure:10264: $? = 1
aconfigure: failed program was:
| /* confdefs.h */
| #define PACKAGE_NAME "pjproject"
| #define PACKAGE_TARNAME "pjproject"
| #define PACKAGE_VERSION "2.x"
| #define PACKAGE_STRING "pjproject 2.x"
| #define PACKAGE_BUGREPORT ""
| #define PACKAGE_URL ""
| #define HAVE_LIBPTHREAD 1
| #define HAVE_LIBRT 1
| #define HAVE_LIBM 1
| #define PJ_M_NAME "x86_64"
| #define PJ_POOL_ALIGNMENT 8
| #define HAVE_STDIO_H 1
| #define HAVE_STDLIB_H 1
| #define HAVE_STRING_H 1
| #define HAVE_INTTYPES_H 1
| #define HAVE_STDINT_H 1
| #define HAVE_STRINGS_H 1
| #define HAVE_SYS_STAT_H 1
| #define HAVE_SYS_TYPES_H 1
| #define HAVE_UNISTD_H 1
| #define STDC_HEADERS 1
| #define PJ_LINUX 1
| #define PJ_HAS_FLOATING_POINT 1
| #define PJ_HAS_ARPA_INET_H 1
| #define PJ_HAS_ASSERT_H 1
| #define PJ_HAS_CTYPE_H 1
| #define PJ_HAS_ERRNO_H 1
| #define PJ_HAS_FCNTL_H 1
| #define PJ_HAS_LINUX_SOCKET_H 1
| #define PJ_HAS_LIMITS_H 1
| #define PJ_HAS_MALLOC_H 1
| #define PJ_HAS_NETDB_H 1
| #define PJ_HAS_NETINET_IN_SYSTM_H 1
| #define PJ_HAS_NETINET_IN_H 1
| #define PJ_HAS_NETINET_IP_H 1
| #define PJ_HAS_NETINET_TCP_H 1
| #define PJ_HAS_IFADDRS_H 1
| #define PJ_HAS_SEMAPHORE_H 1
| #define PJ_HAS_SETJMP_H 1
| #define PJ_HAS_STDARG_H 1
| #define PJ_HAS_STDDEF_H 1
| #define PJ_HAS_STDIO_H 1
| #define PJ_HAS_STDINT_H 1
| #define PJ_HAS_STDLIB_H 1
| #define PJ_HAS_STRING_H 1
| #define PJ_HAS_INTTYPES_H 1
| #define PJ_HAS_SYS_IOCTL_H 1
| #define PJ_HAS_SYS_SELECT_H 1
| #define PJ_HAS_SYS_SOCKET_H 1
| #define PJ_HAS_SYS_TIME_H 1
| #define PJ_HAS_SYS_TIMEB_H 1
| #define PJ_HAS_SYS_TYPES_H 1
| #define PJ_HAS_SYS_UTSNAME_H 1
| #define PJ_HAS_TIME_H 1
| #define PJ_HAS_UNISTD_H 1
| #define PJ_HAS_EXECINFO_H 1
| #define PJ_HAS_NET_IF_H 1
| #define PJ_HAS_LOCALTIME_R 1
| #define PJ_OS_NAME "x86_64-unknown-linux-gnu"
| #define PJ_HAS_ERRNO_VAR 1
| #define PJ_HAS_HIGH_RES_TIMER 1
| #define PJ_HAS_MALLOC 1
| #define PJ_NATIVE_STRING_IS_UNICODE 0
| #define PJ_ATOMIC_VALUE_TYPE long
| #define PJ_SOCK_HAS_INET_ATON 1
| #define PJ_SOCK_HAS_INET_PTON 1
| #define PJ_SOCK_HAS_INET_NTOP 1
| #define PJ_SOCK_HAS_GETADDRINFO 1
| #define PJ_SOCK_HAS_SOCKETPAIR 1
| #define PJ_HAS_SOCKLEN_T 1
| #define PJ_SOCK_HAS_IPV6_V6ONLY 1
| #define PJ_HAS_SO_ERROR 1
| #define PJ_EMULATE_RWMUTEX 0
| /* end confdefs.h.  */
| 
| /* Override any GCC internal prototype to avoid an error.
|    Use char because int might match the return type of a GCC
|    builtin and then its argument prototype would still apply.
|    The 'extern "C"' is for builds by C++ compilers;
|    although this is not generally supported in C code supporting it here
|    has little cost and some practical benefit (sr 110532).  */
| #ifdef __cplusplus
| extern "C"
| #endif
| char Encoder_Interface_init (void);
| int
| main (void)
| {
| return Encoder_Interface_init ();
|   ;
|   return 0;
| }
aconfigure:10276: result: no
aconfigure:10300: checking for vo-amrwbenc/enc_if.h
aconfigure:10300: gcc -c -O2 -DPJ_IS_BIG_ENDIAN=0 -DPJ_IS_LITTLE_ENDIAN=1  conftest.c >&5
conftest.c:105:10: fatal error: vo-amrwbenc/enc_if.h: No such file or directory
  105 | #include <vo-amrwbenc/enc_if.h>
      |          ^~~~~~~~~~~~~~~~~~~~~~
compilation terminated.
aconfigure:10300: $? = 1
aconfigure: failed program was:
| /* confdefs.h */
| #define PACKAGE_NAME "pjproject"
| #define PACKAGE_TARNAME "pjproject"
| #define PACKAGE_VERSION "2.x"
| #define PACKAGE_STRING "pjproject 2.x"
| #define PACKAGE_BUGREPORT ""
| #define PACKAGE_URL ""
| #define HAVE_LIBPTHREAD 1
| #define HAVE_LIBRT 1
| #define HAVE_LIBM 1
| #define PJ_M_NAME "x86_64"
| #define PJ_POOL_ALIGNMENT 8
| #define HAVE_STDIO_H 1
| #define HAVE_STDLIB_H 1
| #define HAVE_STRING_H 1
| #define HAVE_INTTYPES_H 1
| #define HAVE_STDINT_H 1
| #define HAVE_STRINGS_H 1
| #define HAVE_SYS_STAT_H 1
| #define HAVE_SYS_TYPES_H 1
| #define HAVE_UNISTD_H 1
| #define STDC_HEADERS 1
| #define PJ_LINUX 1
| #define PJ_HAS_FLOATING_POINT 1
| #define PJ_HAS_ARPA_INET_H 1
| #define PJ_HAS_ASSERT_H 1
| #define PJ_HAS_CTYPE_H 1
| #define PJ_HAS_ERRNO_H 1
| #define PJ_HAS_FCNTL_H 1
| #define PJ_HAS_LINUX_SOCKET_H 1
| #define PJ_HAS_LIMITS_H 1
| #define PJ_HAS_MALLOC_H 1
| #define PJ_HAS_NETDB_H 1
| #define PJ_HAS_NETINET_IN_SYSTM_H 1
| #define PJ_HAS_NETINET_IN_H 1
| #define PJ_HAS_NETINET_IP_H 1
| #define PJ_HAS_NETINET_TCP_H 1
| #define PJ_HAS_IFADDRS_H 1
| #define PJ_HAS_SEMAPHORE_H 1
| #define PJ_HAS_SETJMP_H 1
| #define PJ_HAS_STDARG_H 1
| #define PJ_HAS_STDDEF_H 1
| #define PJ_HAS_STDIO_H 1
| #define PJ_HAS_STDINT_H 1
| #define PJ_HAS_STDLIB_H 1
| #define PJ_HAS_STRING_H 1
| #define PJ_HAS_INTTYPES_H 1
| #define PJ_HAS_SYS_IOCTL_H 1
| #define PJ_HAS_SYS_SELECT_H 1
| #define PJ_HAS_SYS_SOCKET_H 1
| #define PJ_HAS_SYS_TIME_H 1
| #define PJ_HAS_SYS_TIMEB_H 1
| #define PJ_HAS_SYS_TYPES_H 1
| #define PJ_HAS_SYS_UTSNAME_H 1
| #define PJ_HAS_TIME_H 1
| #define PJ_HAS_UNISTD_H 1
| #define PJ_HAS_EXECINFO_H 1
| #define PJ_HAS_NET_IF_H 1
| #define PJ_HAS_LOCALTIME_R 1
| #define PJ_OS_NAME "x86_64-unknown-linux-gnu"
| #define PJ_HAS_ERRNO_VAR 1
| #define PJ_HAS_HIGH_RES_TIMER 1
| #define PJ_HAS_MALLOC 1
| #define PJ_NATIVE_STRING_IS_UNICODE 0
| #define PJ_ATOMIC_VALUE_TYPE long
| #define PJ_SOCK_HAS_INET_ATON 1
| #define PJ_SOCK_HAS_INET_PTON 1
| #define PJ_SOCK_HAS_INET_NTOP 1
| #define PJ_SOCK_HAS_GETADDRINFO 1
| #define PJ_SOCK_HAS_SOCKETPAIR 1
| #define PJ_HAS_SOCKLEN_T 1
| #define PJ_SOCK_HAS_IPV6_V6ONLY 1
| #define PJ_HAS_SO_ERROR 1
| #define PJ_EMULATE_RWMUTEX 0
| #define PJMEDIA_HAS_OPENCORE_AMRNB_CODEC 0
| /* end confdefs.h.  */
| #include <stddef.h>
| #ifdef HAVE_STDIO_H
| # include <stdio.h>
| #endif
| #ifdef HAVE_STDLIB_H
| # include <stdlib.h>
| #endif
| #ifdef HAVE_STRING_H
| # include <string.h>
| #endif
| #ifdef HAVE_INTTYPES_H
| # include <inttypes.h>
| #endif
| #ifdef HAVE_STDINT_H
| # include <stdint.h>
| #endif
| #ifdef HAVE_STRINGS_H
| # include <strings.h>
| #endif
| #ifdef HAVE_SYS_TYPES_H
| # include <sys/types.h>
| #endif
| #ifdef HAVE_SYS_STAT_H
| # include <sys/stat.h>
| #endif
| #ifdef HAVE_UNISTD_H
| # include <unistd.h>
| #endif
| #include <vo-amrwbenc/enc_if.h>
aconfigure:10300: result: no
aconfigure:10306: checking for opencore-amrwb/dec_if.h
aconfigure:10306: gcc -c -O2 -DPJ_IS_BIG_ENDIAN=0 -DPJ_IS_LITTLE_ENDIAN=1  conftest.c >&5
conftest.c:105:10: fatal error: opencore-amrwb/dec_if.h: No such file or directory
  105 | #include <opencore-amrwb/dec_if.h>
      |          ^~~~~~~~~~~~~~~~~~~~~~~~~
compilation terminated.
aconfigure:10306: $? = 1
aconfigure: failed program was:
| /* confdefs.h */
| #define PACKAGE_NAME "pjproject"
| #define PACKAGE_TARNAME "pjproject"
| #define PACKAGE_VERSION "2.x"
| #define PACKAGE_STRING "pjproject 2.x"
| #define PACKAGE_BUGREPORT ""
| #define PACKAGE_URL ""
| #define HAVE_LIBPTHREAD 1
| #define HAVE_LIBRT 1
| #define HAVE_LIBM 1
| #define PJ_M_NAME "x86_64"
| #define PJ_POOL_ALIGNMENT 8
| #define HAVE_STDIO_H 1
| #define HAVE_STDLIB_H 1
| #define HAVE_STRING_H 1
| #define HAVE_INTTYPES_H 1
| #define HAVE_STDINT_H 1
| #define HAVE_STRINGS_H 1
| #define HAVE_SYS_STAT_H 1
| #define HAVE_SYS_TYPES_H 1
| #define HAVE_UNISTD_H 1
| #define STDC_HEADERS 1
| #define PJ_LINUX 1
| #define PJ_HAS_FLOATING_POINT 1
| #define PJ_HAS_ARPA_INET_H 1
| #define PJ_HAS_ASSERT_H 1
| #define PJ_HAS_CTYPE_H 1
| #define PJ_HAS_ERRNO_H 1
| #define PJ_HAS_FCNTL_H 1
| #define PJ_HAS_LINUX_SOCKET_H 1
| #define PJ_HAS_LIMITS_H 1
| #define PJ_HAS_MALLOC_H 1
| #define PJ_HAS_NETDB_H 1
| #define PJ_HAS_NETINET_IN_SYSTM_H 1
| #define PJ_HAS_NETINET_IN_H 1
| #define PJ_HAS_NETINET_IP_H 1
| #define PJ_HAS_NETINET_TCP_H 1
| #define PJ_HAS_IFADDRS_H 1
| #define PJ_HAS_SEMAPHORE_H 1
| #define PJ_HAS_SETJMP_H 1
| #define PJ_HAS_STDARG_H 1
| #define PJ_HAS_STDDEF_H 1
| #define PJ_HAS_STDIO_H 1
| #define PJ_HAS_STDINT_H 1
| #define PJ_HAS_STDLIB_H 1
| #define PJ_HAS_STRING_H 1
| #define PJ_HAS_INTTYPES_H 1
| #define PJ_HAS_SYS_IOCTL_H 1
| #define PJ_HAS_SYS_SELECT_H 1
| #define PJ_HAS_SYS_SOCKET_H 1
| #define PJ_HAS_SYS_TIME_H 1
| #define PJ_HAS_SYS_TIMEB_H 1
| #define PJ_HAS_SYS_TYPES_H 1
| #define PJ_HAS_SYS_UTSNAME_H 1
| #define PJ_HAS_TIME_H 1
| #define PJ_HAS_UNISTD_H 1
| #define PJ_HAS_EXECINFO_H 1
| #define PJ_HAS_NET_IF_H 1
| #define PJ_HAS_LOCALTIME_R 1
| #define PJ_OS_NAME "x86_64-unknown-linux-gnu"
| #define PJ_HAS_ERRNO_VAR 1
| #define PJ_HAS_HIGH_RES_TIMER 1
| #define PJ_HAS_MALLOC 1
| #define PJ_NATIVE_STRING_IS_UNICODE 0
| #define PJ_ATOMIC_VALUE_TYPE long
| #define PJ_SOCK_HAS_INET_ATON 1
| #define PJ_SOCK_HAS_INET_PTON 1
| #define PJ_SOCK_HAS_INET_NTOP 1
| #define PJ_SOCK_HAS_GETADDRINFO 1
| #define PJ_SOCK_HAS_SOCKETPAIR 1
| #define PJ_HAS_SOCKLEN_T 1
| #define PJ_SOCK_HAS_IPV6_V6ONLY 1
| #define PJ_HAS_SO_ERROR 1
| #define PJ_EMULATE_RWMUTEX 0
| #define PJMEDIA_HAS_OPENCORE_AMRNB_CODEC 0
| /* end confdefs.h.  */
| #include <stddef.h>
| #ifdef HAVE_STDIO_H
| # include <stdio.h>
| #endif
| #ifdef HAVE_STDLIB_H
| # include <stdlib.h>
| #endif
| #ifdef HAVE_STRING_H
| # include <string.h>
| #endif
| #ifdef HAVE_INTTYPES_H
| # include <inttypes.h>
| #endif
| #ifdef HAVE_STDINT_H
| # include <stdint.h>
| #endif
| #ifdef HAVE_STRINGS_H
| # include <strings.h>
| #endif
| #ifdef HAVE_SYS_TYPES_H
| # include <sys/types.h>
| #endif
| #ifdef HAVE_SYS_STAT_H
| # include <sys/stat.h>
| #endif
| #ifdef HAVE_UNISTD_H
| # include <unistd.h>
| #endif
| #include <opencore-amrwb/dec_if.h>
aconfigure:10306: result: no
aconfigure:10313: checking for D_IF_init in -lopencore-amrwb
aconfigure:10342: gcc -o conftest -O2 -DPJ_IS_BIG_ENDIAN=0 -DPJ_IS_LITTLE_ENDIAN=1   conftest.c -lopencore-amrwb  -lm -lrt -lpthread  >&5
/usr/bin/ld: cannot find -lopencore-amrwb: No such file or directory
collect2: error: ld returned 1 exit status
aconfigure:10342: $? = 1
aconfigure: failed program was:
| /* confdefs.h */
| #define PACKAGE_NAME "pjproject"
| #define PACKAGE_TARNAME "pjproject"
| #define PACKAGE_VERSION "2.x"
| #define PACKAGE_STRING "pjproject 2.x"
| #define PACKAGE_BUGREPORT ""
| #define PACKAGE_URL ""
| #define HAVE_LIBPTHREAD 1
| #define HAVE_LIBRT 1
| #define HAVE_LIBM 1
| #define PJ_M_NAME "x86_64"
| #define PJ_POOL_ALIGNMENT 8
| #define HAVE_STDIO_H 1
| #define HAVE_STDLIB_H 1
| #define HAVE_STRING_H 1
| #define HAVE_INTTYPES_H 1
| #define HAVE_STDINT_H 1
| #define HAVE_STRINGS_H 1
| #define HAVE_SYS_STAT_H 1
| #define HAVE_SYS_TYPES_H 1
| #define HAVE_UNISTD_H 1
| #define STDC_HEADERS 1
| #define PJ_LINUX 1
| #define PJ_HAS_FLOATING_POINT 1
| #define PJ_HAS_ARPA_INET_H 1
| #define PJ_HAS_ASSERT_H 1
| #define PJ_HAS_CTYPE_H 1
| #define PJ_HAS_ERRNO_H 1
| #define PJ_HAS_FCNTL_H 1
| #define PJ_HAS_LINUX_SOCKET_H 1
| #define PJ_HAS_LIMITS_H 1
| #define PJ_HAS_MALLOC_H 1
| #define PJ_HAS_NETDB_H 1
| #define PJ_HAS_NETINET_IN_SYSTM_H 1
| #define PJ_HAS_NETINET_IN_H 1
| #define PJ_HAS_NETINET_IP_H 1
| #define PJ_HAS_NETINET_TCP_H 1
| #define PJ_HAS_IFADDRS_H 1
| #define PJ_HAS_SEMAPHORE_H 1
| #define PJ_HAS_SETJMP_H 1
| #define PJ_HAS_STDARG_H 1
| #define PJ_HAS_STDDEF_H 1
| #define PJ_HAS_STDIO_H 1
| #define PJ_HAS_STDINT_H 1
| #define PJ_HAS_STDLIB_H 1
| #define PJ_HAS_STRING_H 1
| #define PJ_HAS_INTTYPES_H 1
| #define PJ_HAS_SYS_IOCTL_H 1
| #define PJ_HAS_SYS_SELECT_H 1
| #define PJ_HAS_SYS_SOCKET_H 1
| #define PJ_HAS_SYS_TIME_H 1
| #define PJ_HAS_SYS_TIMEB_H 1
| #define PJ_HAS_SYS_TYPES_H 1
| #define PJ_HAS_SYS_UTSNAME_H 1
| #define PJ_HAS_TIME_H 1
| #define PJ_HAS_UNISTD_H 1
| #define PJ_HAS_EXECINFO_H 1
| #define PJ_HAS_NET_IF_H 1
| #define PJ_HAS_LOCALTIME_R 1
| #define PJ_OS_NAME "x86_64-unknown-linux-gnu"
| #define PJ_HAS_ERRNO_VAR 1
| #define PJ_HAS_HIGH_RES_TIMER 1
| #define PJ_HAS_MALLOC 1
| #define PJ_NATIVE_STRING_IS_UNICODE 0
| #define PJ_ATOMIC_VALUE_TYPE long
| #define PJ_SOCK_HAS_INET_ATON 1
| #define PJ_SOCK_HAS_INET_PTON 1
| #define PJ_SOCK_HAS_INET_NTOP 1
| #define PJ_SOCK_HAS_GETADDRINFO 1
| #define PJ_SOCK_HAS_SOCKETPAIR 1
| #define PJ_HAS_SOCKLEN_T 1
| #define PJ_SOCK_HAS_IPV6_V6ONLY 1
| #define PJ_HAS_SO_ERROR 1
| #define PJ_EMULATE_RWMUTEX 0
| #define PJMEDIA_HAS_OPENCORE_AMRNB_CODEC 0
| /* end confdefs.h.  */
| 
| /* Override any GCC internal prototype to avoid an error.
|    Use char because int might match the return type of a GCC
|    builtin and then its argument prototype would still apply.
|    The 'extern "C"' is for builds by C++ compilers;
|    although this is not generally supported in C code supporting it here
|    has little cost and some practical benefit (sr 110532).  */
| #ifdef __cplusplus
| extern "C"
| #endif
| char D_IF_init (void);
| int
| main (void)
| {
| return D_IF_init ();
|   ;
|   return 0;
| }
aconfigure:10354: result: no
aconfigure:10363: checking for E_IF_init in -lvo-amrwbenc
aconfigure:10392: gcc -o conftest -O2 -DPJ_IS_BIG_ENDIAN=0 -DPJ_IS_LITTLE_ENDIAN=1   conftest.c -lvo-amrwbenc  -lm -lrt -lpthread  >&5
/usr/bin/ld: cannot find -lvo-amrwbenc: No such file or directory
collect2: error: ld returned 1 exit status
aconfigure:10392: $? = 1
aconfigure: failed program was:
| /* confdefs.h */
| #define PACKAGE_NAME "pjproject"
| #define PACKAGE_TARNAME "pjproject"
| #define PACKAGE_VERSION "2.x"
| #define PACKAGE_STRING "pjproject 2.x"
| #define PACKAGE_BUGREPORT ""
| #define PACKAGE_URL ""
| #define HAVE_LIBPTHREAD 1
| #define HAVE_LIBRT 1
| #define HAVE_LIBM 1
| #define PJ_M_NAME "x86_64"
| #define PJ_POOL_ALIGNMENT 8
| #define HAVE_STDIO_H 1
| #define HAVE_STDLIB_H 1
| #define HAVE_STRING_H 1
| #define HAVE_INTTYPES_H 1
| #define HAVE_STDINT_H 1
| #define HAVE_STRINGS_H 1
| #define HAVE_SYS_STAT_H 1
| #define HAVE_SYS_TYPES_H 1
| #define HAVE_UNISTD_H 1
| #define STDC_HEADERS 1
| #define PJ_LINUX 1
| #define PJ_HAS_FLOATING_POINT 1
| #define PJ_HAS_ARPA_INET_H 1
| #define PJ_HAS_ASSERT_H 1
| #define PJ_HAS_CTYPE_H 1
| #define PJ_HAS_ERRNO_H 1
| #define PJ_HAS_FCNTL_H 1
| #define PJ_HAS_LINUX_SOCKET_H 1
| #define PJ_HAS_LIMITS_H 1
| #define PJ_HAS_MALLOC_H 1
| #define PJ_HAS_NETDB_H 1
| #define PJ_HAS_NETINET_IN_SYSTM_H 1
| #define PJ_HAS_NETINET_IN_H 1
| #define PJ_HAS_NETINET_IP_H 1
| #define PJ_HAS_NETINET_TCP_H 1
| #define PJ_HAS_IFADDRS_H 1
| #define PJ_HAS_SEMAPHORE_H 1
| #define PJ_HAS_SETJMP_H 1
| #define PJ_HAS_STDARG_H 1
| #define PJ_HAS_STDDEF_H 1
| #define PJ_HAS_STDIO_H 1
| #define PJ_HAS_STDINT_H 1
| #define PJ_HAS_STDLIB_H 1
| #define PJ_HAS_STRING_H 1
| #define PJ_HAS_INTTYPES_H 1
| #define PJ_HAS_SYS_IOCTL_H 1
| #define PJ_HAS_SYS_SELECT_H 1
| #define PJ_HAS_SYS_SOCKET_H 1
| #define PJ_HAS_SYS_TIME_H 1
| #define PJ_HAS_SYS_TIMEB_H 1
| #define PJ_HAS_SYS_TYPES_H 1
| #define PJ_HAS_SYS_UTSNAME_H 1
| #define PJ_HAS_TIME_H 1
| #define PJ_HAS_UNISTD_H 1
| #define PJ_HAS_EXECINFO_H 1
| #define PJ_HAS_NET_IF_H 1
| #define PJ_HAS_LOCALTIME_R 1
| #define PJ_OS_NAME "x86_64-unknown-linux-gnu"
| #define PJ_HAS_ERRNO_VAR 1
| #define PJ_HAS_HIGH_RES_TIMER 1
| #define PJ_HAS_MALLOC 1
| #define PJ_NATIVE_STRING_IS_UNICODE 0
| #define PJ_ATOMIC_VALUE_TYPE long
| #define PJ_SOCK_HAS_INET_ATON 1
| #define PJ_SOCK_HAS_INET_PTON 1
| #define PJ_SOCK_HAS_INET_NTOP 1
| #define PJ_SOCK_HAS_GETADDRINFO 1
| #define PJ_SOCK_HAS_SOCKETPAIR 1
| #define PJ_HAS_SOCKLEN_T 1
| #define PJ_SOCK_HAS_IPV6_V6ONLY 1
| #define PJ_HAS_SO_ERROR 1
| #define PJ_EMULATE_RWMUTEX 0
| #define PJMEDIA_HAS_OPENCORE_AMRNB_CODEC 0
| /* end confdefs.h.  */
| 
| /* Override any GCC internal prototype to avoid an error.
|    Use char because int might match the return type of a GCC
|    builtin and then its argument prototype would still apply.
|    The 'extern "C"' is for builds by C++ compilers;
|    although this is not generally supported in C code supporting it here
|    has little cost and some practical benefit (sr 110532).  */
| #ifdef __cplusplus
| extern "C"
| #endif
| char E_IF_init (void);
| int
| main (void)
| {
| return E_IF_init ();
|   ;
|   return 0;
| }
aconfigure:10404: result: no
aconfigure:10460: result: checking for SILK installations..
aconfigure:10472: checking for SKP_Silk_SDK_API.h
aconfigure:10472: gcc -c -O2 -DPJ_IS_BIG_ENDIAN=0 -DPJ_IS_LITTLE_ENDIAN=1  conftest.c >&5
conftest.c:106:10: fatal error: SKP_Silk_SDK_API.h: No such file or directory
  106 | #include <SKP_Silk_SDK_API.h>
      |          ^~~~~~~~~~~~~~~~~~~~
compilation terminated.
aconfigure:10472: $? = 1
aconfigure: failed program was:
| /* confdefs.h */
| #define PACKAGE_NAME "pjproject"
| #define PACKAGE_TARNAME "pjproject"
| #define PACKAGE_VERSION "2.x"
| #define PACKAGE_STRING "pjproject 2.x"
| #define PACKAGE_BUGREPORT ""
| #define PACKAGE_URL ""
| #define HAVE_LIBPTHREAD 1
| #define HAVE_LIBRT 1
| #define HAVE_LIBM 1
| #define PJ_M_NAME "x86_64"
| #define PJ_POOL_ALIGNMENT 8
| #define HAVE_STDIO_H 1
| #define HAVE_STDLIB_H 1
| #define HAVE_STRING_H 1
| #define HAVE_INTTYPES_H 1
| #define HAVE_STDINT_H 1
| #define HAVE_STRINGS_H 1
| #define HAVE_SYS_STAT_H 1
| #define HAVE_SYS_TYPES_H 1
| #define HAVE_UNISTD_H 1
| #define STDC_HEADERS 1
| #define PJ_LINUX 1
| #define PJ_HAS_FLOATING_POINT 1
| #define PJ_HAS_ARPA_INET_H 1
| #define PJ_HAS_ASSERT_H 1
| #define PJ_HAS_CTYPE_H 1
| #define PJ_HAS_ERRNO_H 1
| #define PJ_HAS_FCNTL_H 1
| #define PJ_HAS_LINUX_SOCKET_H 1
| #define PJ_HAS_LIMITS_H 1
| #define PJ_HAS_MALLOC_H 1
| #define PJ_HAS_NETDB_H 1
| #define PJ_HAS_NETINET_IN_SYSTM_H 1
| #define PJ_HAS_NETINET_IN_H 1
| #define PJ_HAS_NETINET_IP_H 1
| #define PJ_HAS_NETINET_TCP_H 1
| #define PJ_HAS_IFADDRS_H 1
| #define PJ_HAS_SEMAPHORE_H 1
| #define PJ_HAS_SETJMP_H 1
| #define PJ_HAS_STDARG_H 1
| #define PJ_HAS_STDDEF_H 1
| #define PJ_HAS_STDIO_H 1
| #define PJ_HAS_STDINT_H 1
| #define PJ_HAS_STDLIB_H 1
| #define PJ_HAS_STRING_H 1
| #define PJ_HAS_INTTYPES_H 1
| #define PJ_HAS_SYS_IOCTL_H 1
| #define PJ_HAS_SYS_SELECT_H 1
| #define PJ_HAS_SYS_SOCKET_H 1
| #define PJ_HAS_SYS_TIME_H 1
| #define PJ_HAS_SYS_TIMEB_H 1
| #define PJ_HAS_SYS_TYPES_H 1
| #define PJ_HAS_SYS_UTSNAME_H 1
| #define PJ_HAS_TIME_H 1
| #define PJ_HAS_UNISTD_H 1
| #define PJ_HAS_EXECINFO_H 1
| #define PJ_HAS_NET_IF_H 1
| #define PJ_HAS_LOCALTIME_R 1
| #define PJ_OS_NAME "x86_64-unknown-linux-gnu"
| #define PJ_HAS_ERRNO_VAR 1
| #define PJ_HAS_HIGH_RES_TIMER 1
| #define PJ_HAS_MALLOC 1
| #define PJ_NATIVE_STRING_IS_UNICODE 0
| #define PJ_ATOMIC_VALUE_TYPE long
| #define PJ_SOCK_HAS_INET_ATON 1
| #define PJ_SOCK_HAS_INET_PTON 1
| #define PJ_SOCK_HAS_INET_NTOP 1
| #define PJ_SOCK_HAS_GETADDRINFO 1
| #define PJ_SOCK_HAS_SOCKETPAIR 1
| #define PJ_HAS_SOCKLEN_T 1
| #define PJ_SOCK_HAS_IPV6_V6ONLY 1
| #define PJ_HAS_SO_ERROR 1
| #define PJ_EMULATE_RWMUTEX 0
| #define PJMEDIA_HAS_OPENCORE_AMRNB_CODEC 0
| #define PJMEDIA_HAS_OPENCORE_AMRWB_CODEC 0
| /* end confdefs.h.  */
| #include <stddef.h>
| #ifdef HAVE_STDIO_H
| # include <stdio.h>
| #endif
| #ifdef HAVE_STDLIB_H
| # include <stdlib.h>
| #endif
| #ifdef HAVE_STRING_H
| # include <string.h>
| #endif
| #ifdef HAVE_INTTYPES_H
| # include <inttypes.h>
| #endif
| #ifdef HAVE_STDINT_H
| # include <stdint.h>
| #endif
| #ifdef HAVE_STRINGS_H
| # include <strings.h>
| #endif
| #ifdef HAVE_SYS_TYPES_H
| # include <sys/types.h>
| #endif
| #ifdef HAVE_SYS_STAT_H
| # include <sys/stat.h>
| #endif
| #ifdef HAVE_UNISTD_H
| # include <unistd.h>
| #endif
| #include <SKP_Silk_SDK_API.h>
aconfigure:10472: result: no
aconfigure:10478: checking for SKP_Silk_SDK_get_version in -lSKP_SILK_SDK
aconfigure:10507: gcc -o conftest -O2 -DPJ_IS_BIG_ENDIAN=0 -DPJ_IS_LITTLE_ENDIAN=1   conftest.c -lSKP_SILK_SDK  -lm -lrt -lpthread  >&5
/usr/bin/ld: cannot find -lSKP_SILK_SDK: No such file or directory
collect2: error: ld returned 1 exit status
aconfigure:10507: $? = 1
aconfigure: failed program was:
| /* confdefs.h */
| #define PACKAGE_NAME "pjproject"
| #define PACKAGE_TARNAME "pjproject"
| #define PACKAGE_VERSION "2.x"
| #define PACKAGE_STRING "pjproject 2.x"
| #define PACKAGE_BUGREPORT ""
| #define PACKAGE_URL ""
| #define HAVE_LIBPTHREAD 1
| #define HAVE_LIBRT 1
| #define HAVE_LIBM 1
| #define PJ_M_NAME "x86_64"
| #define PJ_POOL_ALIGNMENT 8
| #define HAVE_STDIO_H 1
| #define HAVE_STDLIB_H 1
| #define HAVE_STRING_H 1
| #define HAVE_INTTYPES_H 1
| #define HAVE_STDINT_H 1
| #define HAVE_STRINGS_H 1
| #define HAVE_SYS_STAT_H 1
| #define HAVE_SYS_TYPES_H 1
| #define HAVE_UNISTD_H 1
| #define STDC_HEADERS 1
| #define PJ_LINUX 1
| #define PJ_HAS_FLOATING_POINT 1
| #define PJ_HAS_ARPA_INET_H 1
| #define PJ_HAS_ASSERT_H 1
| #define PJ_HAS_CTYPE_H 1
| #define PJ_HAS_ERRNO_H 1
| #define PJ_HAS_FCNTL_H 1
| #define PJ_HAS_LINUX_SOCKET_H 1
| #define PJ_HAS_LIMITS_H 1
| #define PJ_HAS_MALLOC_H 1
| #define PJ_HAS_NETDB_H 1
| #define PJ_HAS_NETINET_IN_SYSTM_H 1
| #define PJ_HAS_NETINET_IN_H 1
| #define PJ_HAS_NETINET_IP_H 1
| #define PJ_HAS_NETINET_TCP_H 1
| #define PJ_HAS_IFADDRS_H 1
| #define PJ_HAS_SEMAPHORE_H 1
| #define PJ_HAS_SETJMP_H 1
| #define PJ_HAS_STDARG_H 1
| #define PJ_HAS_STDDEF_H 1
| #define PJ_HAS_STDIO_H 1
| #define PJ_HAS_STDINT_H 1
| #define PJ_HAS_STDLIB_H 1
| #define PJ_HAS_STRING_H 1
| #define PJ_HAS_INTTYPES_H 1
| #define PJ_HAS_SYS_IOCTL_H 1
| #define PJ_HAS_SYS_SELECT_H 1
| #define PJ_HAS_SYS_SOCKET_H 1
| #define PJ_HAS_SYS_TIME_H 1
| #define PJ_HAS_SYS_TIMEB_H 1
| #define PJ_HAS_SYS_TYPES_H 1
| #define PJ_HAS_SYS_UTSNAME_H 1
| #define PJ_HAS_TIME_H 1
| #define PJ_HAS_UNISTD_H 1
| #define PJ_HAS_EXECINFO_H 1
| #define PJ_HAS_NET_IF_H 1
| #define PJ_HAS_LOCALTIME_R 1
| #define PJ_OS_NAME "x86_64-unknown-linux-gnu"
| #define PJ_HAS_ERRNO_VAR 1
| #define PJ_HAS_HIGH_RES_TIMER 1
| #define PJ_HAS_MALLOC 1
| #define PJ_NATIVE_STRING_IS_UNICODE 0
| #define PJ_ATOMIC_VALUE_TYPE long
| #define PJ_SOCK_HAS_INET_ATON 1
| #define PJ_SOCK_HAS_INET_PTON 1
| #define PJ_SOCK_HAS_INET_NTOP 1
| #define PJ_SOCK_HAS_GETADDRINFO 1
| #define PJ_SOCK_HAS_SOCKETPAIR 1
| #define PJ_HAS_SOCKLEN_T 1
| #define PJ_SOCK_HAS_IPV6_V6ONLY 1
| #define PJ_HAS_SO_ERROR 1
| #define PJ_EMULATE_RWMUTEX 0
| #define PJMEDIA_HAS_OPENCORE_AMRNB_CODEC 0
| #define PJMEDIA_HAS_OPENCORE_AMRWB_CODEC 0
| /* end confdefs.h.  */
| 
| /* Override any GCC internal prototype to avoid an error.
|    Use char because int might match the return type of a GCC
|    builtin and then its argument prototype would still apply.
|    The 'extern "C"' is for builds by C++ compilers;
|    although this is not generally supported in C code supporting it here
|    has little cost and some practical benefit (sr 110532).  */
| #ifdef __cplusplus
| extern "C"
| #endif
| char SKP_Silk_SDK_get_version (void);
| int
| main (void)
| {
| return SKP_Silk_SDK_get_version ();
|   ;
|   return 0;
| }
aconfigure:10519: result: no
aconfigure:10575: result: checking for OPUS installations..
aconfigure:10586: checking for opus/opus.h
aconfigure:10586: gcc -c -O2 -DPJ_IS_BIG_ENDIAN=0 -DPJ_IS_LITTLE_ENDIAN=1  conftest.c >&5
conftest.c:107:10: fatal error: opus/opus.h: No such file or directory
  107 | #include <opus/opus.h>
      |          ^~~~~~~~~~~~~
compilation terminated.
aconfigure:10586: $? = 1
aconfigure: failed program was:
| /* confdefs.h */
| #define PACKAGE_NAME "pjproject"
| #define PACKAGE_TARNAME "pjproject"
| #define PACKAGE_VERSION "2.x"
| #define PACKAGE_STRING "pjproject 2.x"
| #define PACKAGE_BUGREPORT ""
| #define PACKAGE_URL ""
| #define HAVE_LIBPTHREAD 1
| #define HAVE_LIBRT 1
| #define HAVE_LIBM 1
| #define PJ_M_NAME "x86_64"
| #define PJ_POOL_ALIGNMENT 8
| #define HAVE_STDIO_H 1
| #define HAVE_STDLIB_H 1
| #define HAVE_STRING_H 1
| #define HAVE_INTTYPES_H 1
| #define HAVE_STDINT_H 1
| #define HAVE_STRINGS_H 1
| #define HAVE_SYS_STAT_H 1
| #define HAVE_SYS_TYPES_H 1
| #define HAVE_UNISTD_H 1
| #define STDC_HEADERS 1
| #define PJ_LINUX 1
| #define PJ_HAS_FLOATING_POINT 1
| #define PJ_HAS_ARPA_INET_H 1
| #define PJ_HAS_ASSERT_H 1
| #define PJ_HAS_CTYPE_H 1
| #define PJ_HAS_ERRNO_H 1
| #define PJ_HAS_FCNTL_H 1
| #define PJ_HAS_LINUX_SOCKET_H 1
| #define PJ_HAS_LIMITS_H 1
| #define PJ_HAS_MALLOC_H 1
| #define PJ_HAS_NETDB_H 1
| #define PJ_HAS_NETINET_IN_SYSTM_H 1
| #define PJ_HAS_NETINET_IN_H 1
| #define PJ_HAS_NETINET_IP_H 1
| #define PJ_HAS_NETINET_TCP_H 1
| #define PJ_HAS_IFADDRS_H 1
| #define PJ_HAS_SEMAPHORE_H 1
| #define PJ_HAS_SETJMP_H 1
| #define PJ_HAS_STDARG_H 1
| #define PJ_HAS_STDDEF_H 1
| #define PJ_HAS_STDIO_H 1
| #define PJ_HAS_STDINT_H 1
| #define PJ_HAS_STDLIB_H 1
| #define PJ_HAS_STRING_H 1
| #define PJ_HAS_INTTYPES_H 1
| #define PJ_HAS_SYS_IOCTL_H 1
| #define PJ_HAS_SYS_SELECT_H 1
| #define PJ_HAS_SYS_SOCKET_H 1
| #define PJ_HAS_SYS_TIME_H 1
| #define PJ_HAS_SYS_TIMEB_H 1
| #define PJ_HAS_SYS_TYPES_H 1
| #define PJ_HAS_SYS_UTSNAME_H 1
| #define PJ_HAS_TIME_H 1
| #define PJ_HAS_UNISTD_H 1
| #define PJ_HAS_EXECINFO_H 1
| #define PJ_HAS_NET_IF_H 1
| #define PJ_HAS_LOCALTIME_R 1
| #define PJ_OS_NAME "x86_64-unknown-linux-gnu"
| #define PJ_HAS_ERRNO_VAR 1
| #define PJ_HAS_HIGH_RES_TIMER 1
| #define PJ_HAS_MALLOC 1
| #define PJ_NATIVE_STRING_IS_UNICODE 0
| #define PJ_ATOMIC_VALUE_TYPE long
| #define PJ_SOCK_HAS_INET_ATON 1
| #define PJ_SOCK_HAS_INET_PTON 1
| #define PJ_SOCK_HAS_INET_NTOP 1
| #define PJ_SOCK_HAS_GETADDRINFO 1
| #define PJ_SOCK_HAS_SOCKETPAIR 1
| #define PJ_HAS_SOCKLEN_T 1
| #define PJ_SOCK_HAS_IPV6_V6ONLY 1
| #define PJ_HAS_SO_ERROR 1
| #define PJ_EMULATE_RWMUTEX 0
| #define PJMEDIA_HAS_OPENCORE_AMRNB_CODEC 0
| #define PJMEDIA_HAS_OPENCORE_AMRWB_CODEC 0
| #define PJMEDIA_HAS_SILK_CODEC 0
| /* end confdefs.h.  */
| #include <stddef.h>
| #ifdef HAVE_STDIO_H
| # include <stdio.h>
| #endif
| #ifdef HAVE_STDLIB_H
| # include <stdlib.h>
| #endif
| #ifdef HAVE_STRING_H
| # include <string.h>
| #endif
| #ifdef HAVE_INTTYPES_H
| # include <inttypes.h>
| #endif
| #ifdef HAVE_STDINT_H
| # include <stdint.h>
| #endif
| #ifdef HAVE_STRINGS_H
| # include <strings.h>
| #endif
| #ifdef HAVE_SYS_TYPES_H
| # include <sys/types.h>
| #endif
| #ifdef HAVE_SYS_STAT_H
| # include <sys/stat.h>
| #endif
| #ifdef HAVE_UNISTD_H
| # include <unistd.h>
| #endif
| #include <opus/opus.h>
aconfigure:10586: result: no
aconfigure:10592: checking for opus_repacketizer_get_size in -lopus
aconfigure:10621: gcc -o conftest -O2 -DPJ_IS_BIG_ENDIAN=0 -DPJ_IS_LITTLE_ENDIAN=1   conftest.c -lopus  -lm -lrt -lpthread  >&5
/usr/bin/ld: cannot find -lopus: No such file or directory
collect2: error: ld returned 1 exit status
aconfigure:10621: $? = 1
aconfigure: failed program was:
| /* confdefs.h */
| #define PACKAGE_NAME "pjproject"
| #define PACKAGE_TARNAME "pjproject"
| #define PACKAGE_VERSION "2.x"
| #define PACKAGE_STRING "pjproject 2.x"
| #define PACKAGE_BUGREPORT ""
| #define PACKAGE_URL ""
| #define HAVE_LIBPTHREAD 1
| #define HAVE_LIBRT 1
| #define HAVE_LIBM 1
| #define PJ_M_NAME "x86_64"
| #define PJ_POOL_ALIGNMENT 8
| #define HAVE_STDIO_H 1
| #define HAVE_STDLIB_H 1
| #define HAVE_STRING_H 1
| #define HAVE_INTTYPES_H 1
| #define HAVE_STDINT_H 1
| #define HAVE_STRINGS_H 1
| #define HAVE_SYS_STAT_H 1
| #define HAVE_SYS_TYPES_H 1
| #define HAVE_UNISTD_H 1
| #define STDC_HEADERS 1
| #define PJ_LINUX 1
| #define PJ_HAS_FLOATING_POINT 1
| #define PJ_HAS_ARPA_INET_H 1
| #define PJ_HAS_ASSERT_H 1
| #define PJ_HAS_CTYPE_H 1
| #define PJ_HAS_ERRNO_H 1
| #define PJ_HAS_FCNTL_H 1
| #define PJ_HAS_LINUX_SOCKET_H 1
| #define PJ_HAS_LIMITS_H 1
| #define PJ_HAS_MALLOC_H 1
| #define PJ_HAS_NETDB_H 1
| #define PJ_HAS_NETINET_IN_SYSTM_H 1
| #define PJ_HAS_NETINET_IN_H 1
| #define PJ_HAS_NETINET_IP_H 1
| #define PJ_HAS_NETINET_TCP_H 1
| #define PJ_HAS_IFADDRS_H 1
| #define PJ_HAS_SEMAPHORE_H 1
| #define PJ_HAS_SETJMP_H 1
| #define PJ_HAS_STDARG_H 1
| #define PJ_HAS_STDDEF_H 1
| #define PJ_HAS_STDIO_H 1
| #define PJ_HAS_STDINT_H 1
| #define PJ_HAS_STDLIB_H 1
| #define PJ_HAS_STRING_H 1
| #define PJ_HAS_INTTYPES_H 1
| #define PJ_HAS_SYS_IOCTL_H 1
| #define PJ_HAS_SYS_SELECT_H 1
| #define PJ_HAS_SYS_SOCKET_H 1
| #define PJ_HAS_SYS_TIME_H 1
| #define PJ_HAS_SYS_TIMEB_H 1
| #define PJ_HAS_SYS_TYPES_H 1
| #define PJ_HAS_SYS_UTSNAME_H 1
| #define PJ_HAS_TIME_H 1
| #define PJ_HAS_UNISTD_H 1
| #define PJ_HAS_EXECINFO_H 1
| #define PJ_HAS_NET_IF_H 1
| #define PJ_HAS_LOCALTIME_R 1
| #define PJ_OS_NAME "x86_64-unknown-linux-gnu"
| #define PJ_HAS_ERRNO_VAR 1
| #define PJ_HAS_HIGH_RES_TIMER 1
| #define PJ_HAS_MALLOC 1
| #define PJ_NATIVE_STRING_IS_UNICODE 0
| #define PJ_ATOMIC_VALUE_TYPE long
| #define PJ_SOCK_HAS_INET_ATON 1
| #define PJ_SOCK_HAS_INET_PTON 1
| #define PJ_SOCK_HAS_INET_NTOP 1
| #define PJ_SOCK_HAS_GETADDRINFO 1
| #define PJ_SOCK_HAS_SOCKETPAIR 1
| #define PJ_HAS_SOCKLEN_T 1
| #define PJ_SOCK_HAS_IPV6_V6ONLY 1
| #define PJ_HAS_SO_ERROR 1
| #define PJ_EMULATE_RWMUTEX 0
| #define PJMEDIA_HAS_OPENCORE_AMRNB_CODEC 0
| #define PJMEDIA_HAS_OPENCORE_AMRWB_CODEC 0
| #define PJMEDIA_HAS_SILK_CODEC 0
| /* end confdefs.h.  */
| 
| /* Override any GCC internal prototype to avoid an error.
|    Use char because int might match the return type of a GCC
|    builtin and then its argument prototype would still apply.
|    The 'extern "C"' is for builds by C++ compilers;
|    although this is not generally supported in C code supporting it here
|    has little cost and some practical benefit (sr 110532).  */
| #ifdef __cplusplus
| extern "C"
| #endif
| char opus_repacketizer_get_size (void);
| int
| main (void)
| {
| return opus_repacketizer_get_size ();
|   ;
|   return 0;
| }
aconfigure:10633: result: no
aconfigure:10649: result: OPUS library not found, OPUS support disabled
aconfigure:10702: checking bcg729 usability
aconfigure:10730: gcc -o conftest  -O2 -DPJ_IS_BIG_ENDIAN=0 -DPJ_IS_LITTLE_ENDIAN=1    conftest.c -lbcg729 -lm -lrt -lpthread  >&5
conftest.c:82:30: fatal error: bcg729/encoder.h: No such file or directory
   82 |                     #include <bcg729/encoder.h>
      |                              ^~~~~~~~~~~~~~~~~~
compilation terminated.
aconfigure:10730: $? = 1
aconfigure: failed program was:
| /* confdefs.h */
| #define PACKAGE_NAME "pjproject"
| #define PACKAGE_TARNAME "pjproject"
| #define PACKAGE_VERSION "2.x"
| #define PACKAGE_STRING "pjproject 2.x"
| #define PACKAGE_BUGREPORT ""
| #define PACKAGE_URL ""
| #define HAVE_LIBPTHREAD 1
| #define HAVE_LIBRT 1
| #define HAVE_LIBM 1
| #define PJ_M_NAME "x86_64"
| #define PJ_POOL_ALIGNMENT 8
| #define HAVE_STDIO_H 1
| #define HAVE_STDLIB_H 1
| #define HAVE_STRING_H 1
| #define HAVE_INTTYPES_H 1
| #define HAVE_STDINT_H 1
| #define HAVE_STRINGS_H 1
| #define HAVE_SYS_STAT_H 1
| #define HAVE_SYS_TYPES_H 1
| #define HAVE_UNISTD_H 1
| #define STDC_HEADERS 1
| #define PJ_LINUX 1
| #define PJ_HAS_FLOATING_POINT 1
| #define PJ_HAS_ARPA_INET_H 1
| #define PJ_HAS_ASSERT_H 1
| #define PJ_HAS_CTYPE_H 1
| #define PJ_HAS_ERRNO_H 1
| #define PJ_HAS_FCNTL_H 1
| #define PJ_HAS_LINUX_SOCKET_H 1
| #define PJ_HAS_LIMITS_H 1
| #define PJ_HAS_MALLOC_H 1
| #define PJ_HAS_NETDB_H 1
| #define PJ_HAS_NETINET_IN_SYSTM_H 1
| #define PJ_HAS_NETINET_IN_H 1
| #define PJ_HAS_NETINET_IP_H 1
| #define PJ_HAS_NETINET_TCP_H 1
| #define PJ_HAS_IFADDRS_H 1
| #define PJ_HAS_SEMAPHORE_H 1
| #define PJ_HAS_SETJMP_H 1
| #define PJ_HAS_STDARG_H 1
| #define PJ_HAS_STDDEF_H 1
| #define PJ_HAS_STDIO_H 1
| #define PJ_HAS_STDINT_H 1
| #define PJ_HAS_STDLIB_H 1
| #define PJ_HAS_STRING_H 1
| #define PJ_HAS_INTTYPES_H 1
| #define PJ_HAS_SYS_IOCTL_H 1
| #define PJ_HAS_SYS_SELECT_H 1
| #define PJ_HAS_SYS_SOCKET_H 1
| #define PJ_HAS_SYS_TIME_H 1
| #define PJ_HAS_SYS_TIMEB_H 1
| #define PJ_HAS_SYS_TYPES_H 1
| #define PJ_HAS_SYS_UTSNAME_H 1
| #define PJ_HAS_TIME_H 1
| #define PJ_HAS_UNISTD_H 1
| #define PJ_HAS_EXECINFO_H 1
| #define PJ_HAS_NET_IF_H 1
| #define PJ_HAS_LOCALTIME_R 1
| #define PJ_OS_NAME "x86_64-unknown-linux-gnu"
| #define PJ_HAS_ERRNO_VAR 1
| #define PJ_HAS_HIGH_RES_TIMER 1
| #define PJ_HAS_MALLOC 1
| #define PJ_NATIVE_STRING_IS_UNICODE 0
| #define PJ_ATOMIC_VALUE_TYPE long
| #define PJ_SOCK_HAS_INET_ATON 1
| #define PJ_SOCK_HAS_INET_PTON 1
| #define PJ_SOCK_HAS_INET_NTOP 1
| #define PJ_SOCK_HAS_GETADDRINFO 1
| #define PJ_SOCK_HAS_SOCKETPAIR 1
| #define PJ_HAS_SOCKLEN_T 1
| #define PJ_SOCK_HAS_IPV6_V6ONLY 1
| #define PJ_HAS_SO_ERROR 1
| #define PJ_EMULATE_RWMUTEX 0
| #define PJMEDIA_HAS_OPENCORE_AMRNB_CODEC 0
| #define PJMEDIA_HAS_OPENCORE_AMRWB_CODEC 0
| #define PJMEDIA_HAS_SILK_CODEC 0
| #define PJMEDIA_HAS_OPUS_CODEC 0
| /* end confdefs.h.  */
| 
| 
|                     #include <bcg729/encoder.h>
|                     #include <bcg729/decoder.h>
| int
| main (void)
| {
| initBcg729EncoderChannel(0);
|   ;
|   return 0;
| }
| 
aconfigure:10746: result: no
aconfigure:10804: checking lyra usability
aconfigure:10839: g++ -o conftest  -g -O2     conftest.cpp -llyra -lm -lrt -lpthread  >&5
conftest.cpp:83:30: fatal error: lyra_decoder.h: No such file or directory
   83 |                     #include "lyra_decoder.h"
      |                              ^~~~~~~~~~~~~~~~
compilation terminated.
aconfigure:10839: $? = 1
aconfigure: failed program was:
| /* confdefs.h */
| #define PACKAGE_NAME "pjproject"
| #define PACKAGE_TARNAME "pjproject"
| #define PACKAGE_VERSION "2.x"
| #define PACKAGE_STRING "pjproject 2.x"
| #define PACKAGE_BUGREPORT ""
| #define PACKAGE_URL ""
| #define HAVE_LIBPTHREAD 1
| #define HAVE_LIBRT 1
| #define HAVE_LIBM 1
| #define PJ_M_NAME "x86_64"
| #define PJ_POOL_ALIGNMENT 8
| #define HAVE_STDIO_H 1
| #define HAVE_STDLIB_H 1
| #define HAVE_STRING_H 1
| #define HAVE_INTTYPES_H 1
| #define HAVE_STDINT_H 1
| #define HAVE_STRINGS_H 1
| #define HAVE_SYS_STAT_H 1
| #define HAVE_SYS_TYPES_H 1
| #define HAVE_UNISTD_H 1
| #define STDC_HEADERS 1
| #define PJ_LINUX 1
| #define PJ_HAS_FLOATING_POINT 1
| #define PJ_HAS_ARPA_INET_H 1
| #define PJ_HAS_ASSERT_H 1
| #define PJ_HAS_CTYPE_H 1
| #define PJ_HAS_ERRNO_H 1
| #define PJ_HAS_FCNTL_H 1
| #define PJ_HAS_LINUX_SOCKET_H 1
| #define PJ_HAS_LIMITS_H 1
| #define PJ_HAS_MALLOC_H 1
| #define PJ_HAS_NETDB_H 1
| #define PJ_HAS_NETINET_IN_SYSTM_H 1
| #define PJ_HAS_NETINET_IN_H 1
| #define PJ_HAS_NETINET_IP_H 1
| #define PJ_HAS_NETINET_TCP_H 1
| #define PJ_HAS_IFADDRS_H 1
| #define PJ_HAS_SEMAPHORE_H 1
| #define PJ_HAS_SETJMP_H 1
| #define PJ_HAS_STDARG_H 1
| #define PJ_HAS_STDDEF_H 1
| #define PJ_HAS_STDIO_H 1
| #define PJ_HAS_STDINT_H 1
| #define PJ_HAS_STDLIB_H 1
| #define PJ_HAS_STRING_H 1
| #define PJ_HAS_INTTYPES_H 1
| #define PJ_HAS_SYS_IOCTL_H 1
| #define PJ_HAS_SYS_SELECT_H 1
| #define PJ_HAS_SYS_SOCKET_H 1
| #define PJ_HAS_SYS_TIME_H 1
| #define PJ_HAS_SYS_TIMEB_H 1
| #define PJ_HAS_SYS_TYPES_H 1
| #define PJ_HAS_SYS_UTSNAME_H 1
| #define PJ_HAS_TIME_H 1
| #define PJ_HAS_UNISTD_H 1
| #define PJ_HAS_EXECINFO_H 1
| #define PJ_HAS_NET_IF_H 1
| #define PJ_HAS_LOCALTIME_R 1
| #define PJ_OS_NAME "x86_64-unknown-linux-gnu"
| #define PJ_HAS_ERRNO_VAR 1
| #define PJ_HAS_HIGH_RES_TIMER 1
| #define PJ_HAS_MALLOC 1
| #define PJ_NATIVE_STRING_IS_UNICODE 0
| #define PJ_ATOMIC_VALUE_TYPE long
| #define PJ_SOCK_HAS_INET_ATON 1
| #define PJ_SOCK_HAS_INET_PTON 1
| #define PJ_SOCK_HAS_INET_NTOP 1
| #define PJ_SOCK_HAS_GETADDRINFO 1
| #define PJ_SOCK_HAS_SOCKETPAIR 1
| #define PJ_HAS_SOCKLEN_T 1
| #define PJ_SOCK_HAS_IPV6_V6ONLY 1
| #define PJ_HAS_SO_ERROR 1
| #define PJ_EMULATE_RWMUTEX 0
| #define PJMEDIA_HAS_OPENCORE_AMRNB_CODEC 0
| #define PJMEDIA_HAS_OPENCORE_AMRWB_CODEC 0
| #define PJMEDIA_HAS_SILK_CODEC 0
| #define PJMEDIA_HAS_OPUS_CODEC 0
| #define PJMEDIA_HAS_BCG729 0
| /* end confdefs.h.  */
| 
| 
|                     #include "lyra_decoder.h"
| int
| main (void)
| {
| std::unique_ptr<chromemedia::codec::LyraDecoder> dec = chromemedia::codec::LyraDecoder::Create(8000,1,"");
|   ;
|   return 0;
| }
| 
aconfigure:10856: result: no
aconfigure:10890: result: Checking if libsrtp is disabled...no
aconfigure:10906: result: Checking if libyuv is disabled...yes
aconfigure:10938: gcc -c -O2 -DPJ_IS_BIG_ENDIAN=0 -DPJ_IS_LITTLE_ENDIAN=1  conftest.c >&5
aconfigure:10938: $? = 0
aconfigure:10967: result: Checking if libwebrtc is disabled...no
aconfigure:11214: result: Checking if libwebrtc-aec3 is enabled...no
aconfigure:11224: checking if select() needs correct nfds
aconfigure:11236: result: no (default)
aconfigure:11238: result: ** Decided that select() doesn't need correct nfds (please check)
aconfigure:11243: checking if pj_thread_create() should enforce stack size
aconfigure:11255: result: no (default)
aconfigure:11260: checking if pj_thread_create() should allocate stack
aconfigure:11272: result: no (default)
aconfigure:11285: result: ** Setting non-blocking recv() retval to EAGAIN (please check)
aconfigure:11298: result: ** Setting non-blocking connect() retval to EINPROGRESS (please check)
aconfigure:11306: checking for pthread_np.h
aconfigure:11306: gcc -c -O2 -DPJ_IS_BIG_ENDIAN=0 -DPJ_IS_LITTLE_ENDIAN=1  conftest.c >&5
conftest.c:116:10: fatal error: pthread_np.h: No such file or directory
  116 | #include <pthread_np.h>
      |          ^~~~~~~~~~~~~~
compilation terminated.
aconfigure:11306: $? = 1
aconfigure: failed program was:
| /* confdefs.h */
| #define PACKAGE_NAME "pjproject"
| #define PACKAGE_TARNAME "pjproject"
| #define PACKAGE_VERSION "2.x"
| #define PACKAGE_STRING "pjproject 2.x"
| #define PACKAGE_BUGREPORT ""
| #define PACKAGE_URL ""
| #define HAVE_LIBPTHREAD 1
| #define HAVE_LIBRT 1
| #define HAVE_LIBM 1
| #define PJ_M_NAME "x86_64"
| #define PJ_POOL_ALIGNMENT 8
| #define HAVE_STDIO_H 1
| #define HAVE_STDLIB_H 1
| #define HAVE_STRING_H 1
| #define HAVE_INTTYPES_H 1
| #define HAVE_STDINT_H 1
| #define HAVE_STRINGS_H 1
| #define HAVE_SYS_STAT_H 1
| #define HAVE_SYS_TYPES_H 1
| #define HAVE_UNISTD_H 1
| #define STDC_HEADERS 1
| #define PJ_LINUX 1
| #define PJ_HAS_FLOATING_POINT 1
| #define PJ_HAS_ARPA_INET_H 1
| #define PJ_HAS_ASSERT_H 1
| #define PJ_HAS_CTYPE_H 1
| #define PJ_HAS_ERRNO_H 1
| #define PJ_HAS_FCNTL_H 1
| #define PJ_HAS_LINUX_SOCKET_H 1
| #define PJ_HAS_LIMITS_H 1
| #define PJ_HAS_MALLOC_H 1
| #define PJ_HAS_NETDB_H 1
| #define PJ_HAS_NETINET_IN_SYSTM_H 1
| #define PJ_HAS_NETINET_IN_H 1
| #define PJ_HAS_NETINET_IP_H 1
| #define PJ_HAS_NETINET_TCP_H 1
| #define PJ_HAS_IFADDRS_H 1
| #define PJ_HAS_SEMAPHORE_H 1
| #define PJ_HAS_SETJMP_H 1
| #define PJ_HAS_STDARG_H 1
| #define PJ_HAS_STDDEF_H 1
| #define PJ_HAS_STDIO_H 1
| #define PJ_HAS_STDINT_H 1
| #define PJ_HAS_STDLIB_H 1
| #define PJ_HAS_STRING_H 1
| #define PJ_HAS_INTTYPES_H 1
| #define PJ_HAS_SYS_IOCTL_H 1
| #define PJ_HAS_SYS_SELECT_H 1
| #define PJ_HAS_SYS_SOCKET_H 1
| #define PJ_HAS_SYS_TIME_H 1
| #define PJ_HAS_SYS_TIMEB_H 1
| #define PJ_HAS_SYS_TYPES_H 1
| #define PJ_HAS_SYS_UTSNAME_H 1
| #define PJ_HAS_TIME_H 1
| #define PJ_HAS_UNISTD_H 1
| #define PJ_HAS_EXECINFO_H 1
| #define PJ_HAS_NET_IF_H 1
| #define PJ_HAS_LOCALTIME_R 1
| #define PJ_OS_NAME "x86_64-unknown-linux-gnu"
| #define PJ_HAS_ERRNO_VAR 1
| #define PJ_HAS_HIGH_RES_TIMER 1
| #define PJ_HAS_MALLOC 1
| #define PJ_NATIVE_STRING_IS_UNICODE 0
| #define PJ_ATOMIC_VALUE_TYPE long
| #define PJ_SOCK_HAS_INET_ATON 1
| #define PJ_SOCK_HAS_INET_PTON 1
| #define PJ_SOCK_HAS_INET_NTOP 1
| #define PJ_SOCK_HAS_GETADDRINFO 1
| #define PJ_SOCK_HAS_SOCKETPAIR 1
| #define PJ_HAS_SOCKLEN_T 1
| #define PJ_SOCK_HAS_IPV6_V6ONLY 1
| #define PJ_HAS_SO_ERROR 1
| #define PJ_EMULATE_RWMUTEX 0
| #define PJMEDIA_HAS_OPENCORE_AMRNB_CODEC 0
| #define PJMEDIA_HAS_OPENCORE_AMRWB_CODEC 0
| #define PJMEDIA_HAS_SILK_CODEC 0
| #define PJMEDIA_HAS_OPUS_CODEC 0
| #define PJMEDIA_HAS_BCG729 0
| #define PJMEDIA_HAS_LIBYUV 0
| #define PJMEDIA_HAS_LIBWEBRTC_AEC3 0
| #define PJ_SELECT_NEEDS_NFDS 0
| #define PJ_THREAD_SET_STACK_SIZE 0
| #define PJ_THREAD_ALLOCATE_STACK 0
| #define PJ_BLOCKING_ERROR_VAL EAGAIN
| #define PJ_BLOCKING_CONNECT_ERROR_VAL EINPROGRESS
| /* end confdefs.h.  */
| #include <stddef.h>
| #ifdef HAVE_STDIO_H
| # include <stdio.h>
| #endif
| #ifdef HAVE_STDLIB_H
| # include <stdlib.h>
| #endif
| #ifdef HAVE_STRING_H
| # include <string.h>
| #endif
| #ifdef HAVE_INTTYPES_H
| # include <inttypes.h>
| #endif
| #ifdef HAVE_STDINT_H
| # include <stdint.h>
| #endif
| #ifdef HAVE_STRINGS_H
| # include <strings.h>
| #endif
| #ifdef HAVE_SYS_TYPES_H
| # include <sys/types.h>
| #endif
| #ifdef HAVE_SYS_STAT_H
| # include <sys/stat.h>
| #endif
| #ifdef HAVE_UNISTD_H
| # include <unistd.h>
| #endif
| #include <pthread_np.h>
aconfigure:11306: result: no
aconfigure:11313: checking for pthread_setname_np
aconfigure:11313: gcc -o conftest -O2 -DPJ_IS_BIG_ENDIAN=0 -DPJ_IS_LITTLE_ENDIAN=1   conftest.c -lm -lrt -lpthread  >&5
aconfigure:11313: $? = 0
aconfigure:11313: result: yes
aconfigure:11320: checking for pthread_set_name_np
aconfigure:11320: gcc -o conftest -O2 -DPJ_IS_BIG_ENDIAN=0 -DPJ_IS_LITTLE_ENDIAN=1   conftest.c -lm -lrt -lpthread  >&5
/usr/bin/ld: /tmp/ccJqDwhz.o: in function `main':
conftest.c:(.text.startup+0x5): undefined reference to `pthread_set_name_np'
collect2: error: ld returned 1 exit status
aconfigure:11320: $? = 1
aconfigure: failed program was:
| /* confdefs.h */
| #define PACKAGE_NAME "pjproject"
| #define PACKAGE_TARNAME "pjproject"
| #define PACKAGE_VERSION "2.x"
| #define PACKAGE_STRING "pjproject 2.x"
| #define PACKAGE_BUGREPORT ""
| #define PACKAGE_URL ""
| #define HAVE_LIBPTHREAD 1
| #define HAVE_LIBRT 1
| #define HAVE_LIBM 1
| #define PJ_M_NAME "x86_64"
| #define PJ_POOL_ALIGNMENT 8
| #define HAVE_STDIO_H 1
| #define HAVE_STDLIB_H 1
| #define HAVE_STRING_H 1
| #define HAVE_INTTYPES_H 1
| #define HAVE_STDINT_H 1
| #define HAVE_STRINGS_H 1
| #define HAVE_SYS_STAT_H 1
| #define HAVE_SYS_TYPES_H 1
| #define HAVE_UNISTD_H 1
| #define STDC_HEADERS 1
| #define PJ_LINUX 1
| #define PJ_HAS_FLOATING_POINT 1
| #define PJ_HAS_ARPA_INET_H 1
| #define PJ_HAS_ASSERT_H 1
| #define PJ_HAS_CTYPE_H 1
| #define PJ_HAS_ERRNO_H 1
| #define PJ_HAS_FCNTL_H 1
| #define PJ_HAS_LINUX_SOCKET_H 1
| #define PJ_HAS_LIMITS_H 1
| #define PJ_HAS_MALLOC_H 1
| #define PJ_HAS_NETDB_H 1
| #define PJ_HAS_NETINET_IN_SYSTM_H 1
| #define PJ_HAS_NETINET_IN_H 1
| #define PJ_HAS_NETINET_IP_H 1
| #define PJ_HAS_NETINET_TCP_H 1
| #define PJ_HAS_IFADDRS_H 1
| #define PJ_HAS_SEMAPHORE_H 1
| #define PJ_HAS_SETJMP_H 1
| #define PJ_HAS_STDARG_H 1
| #define PJ_HAS_STDDEF_H 1
| #define PJ_HAS_STDIO_H 1
| #define PJ_HAS_STDINT_H 1
| #define PJ_HAS_STDLIB_H 1
| #define PJ_HAS_STRING_H 1
| #define PJ_HAS_INTTYPES_H 1
| #define PJ_HAS_SYS_IOCTL_H 1
| #define PJ_HAS_SYS_SELECT_H 1
| #define PJ_HAS_SYS_SOCKET_H 1
| #define PJ_HAS_SYS_TIME_H 1
| #define PJ_HAS_SYS_TIMEB_H 1
| #define PJ_HAS_SYS_TYPES_H 1
| #define PJ_HAS_SYS_UTSNAME_H 1
| #define PJ_HAS_TIME_H 1
| #define PJ_HAS_UNISTD_H 1
| #define PJ_HAS_EXECINFO_H 1
| #define PJ_HAS_NET_IF_H 1
| #define PJ_HAS_LOCALTIME_R 1
| #define PJ_OS_NAME "x86_64-unknown-linux-gnu"
| #define PJ_HAS_ERRNO_VAR 1
| #define PJ_HAS_HIGH_RES_TIMER 1
| #define PJ_HAS_MALLOC 1
| #define PJ_NATIVE_STRING_IS_UNICODE 0
| #define PJ_ATOMIC_VALUE_TYPE long
| #define PJ_SOCK_HAS_INET_ATON 1
| #define PJ_SOCK_HAS_INET_PTON 1
| #define PJ_SOCK_HAS_INET_NTOP 1
| #define PJ_SOCK_HAS_GETADDRINFO 1
| #define PJ_SOCK_HAS_SOCKETPAIR 1
| #define PJ_HAS_SOCKLEN_T 1
| #define PJ_SOCK_HAS_IPV6_V6ONLY 1
| #define PJ_HAS_SO_ERROR 1
| #define PJ_EMULATE_RWMUTEX 0
| #define PJMEDIA_HAS_OPENCORE_AMRNB_CODEC 0
| #define PJMEDIA_HAS_OPENCORE_AMRWB_CODEC 0
| #define PJMEDIA_HAS_SILK_CODEC 0
| #define PJMEDIA_HAS_OPUS_CODEC 0
| #define PJMEDIA_HAS_BCG729 0
| #define PJMEDIA_HAS_LIBYUV 0
| #define PJMEDIA_HAS_LIBWEBRTC_AEC3 0
| #define PJ_SELECT_NEEDS_NFDS 0
| #define PJ_THREAD_SET_STACK_SIZE 0
| #define PJ_THREAD_ALLOCATE_STACK 0
| #define PJ_BLOCKING_ERROR_VAL EAGAIN
| #define PJ_BLOCKING_CONNECT_ERROR_VAL EINPROGRESS
| #define PJ_HAS_PTHREAD_SETNAME_NP 1
| /* end confdefs.h.  */
| /* Define pthread_set_name_np to an innocuous variant, in case <limits.h> declares pthread_set_name_np.
|    For example, HP-UX 11i <limits.h> declares gettimeofday.  */
| #define pthread_set_name_np innocuous_pthread_set_name_np
| 
| /* System header to define __stub macros and hopefully few prototypes,
|    which can conflict with char pthread_set_name_np (void); below.  */
| 
| #include <limits.h>
| #undef pthread_set_name_np
| 
| /* Override any GCC internal prototype to avoid an error.
|    Use char because int might match the return type of a GCC
|    builtin and then its argument prototype would still apply.  */
| #ifdef __cplusplus
| extern "C"
| #endif
| char pthread_set_name_np (void);
| /* The GNU C library defines this for functions which it implements
|     to always fail with ENOSYS.  Some functions are actually named
|     something starting with __ and the normal name is an alias.  */
| #if defined __stub_pthread_set_name_np || defined __stub___pthread_set_name_np
| choke me
| #endif
| 
| int
| main (void)
| {
| return pthread_set_name_np ();
|   ;
|   return 0;
| }
aconfigure:11320: result: no
aconfigure:11453: creating ./config.status

## ---------------------- ##
## Running config.status. ##
## ---------------------- ##

This file was extended by pjproject config.status 2.x, which was
generated by GNU Autoconf 2.72.  Invocation command line was

  CONFIG_FILES    = 
  CONFIG_HEADERS  = 
  CONFIG_LINKS    = 
  CONFIG_COMMANDS = 
  $ ./config.status 

on slmodem

config.status:1003: creating build.mak
config.status:1003: creating build/os-auto.mak
config.status:1003: creating build/cc-auto.mak
config.status:1003: creating pjlib/build/os-auto.mak
config.status:1003: creating pjlib-util/build/os-auto.mak
config.status:1003: creating pjmedia/build/os-auto.mak
config.status:1003: creating pjsip/build/os-auto.mak
config.status:1003: creating third_party/build/os-auto.mak
config.status:1003: creating pjlib/include/pj/compat/os_auto.h
config.status:1003: creating pjlib/include/pj/compat/m_auto.h
config.status:1003: creating pjmedia/include/pjmedia/config_auto.h
config.status:1003: creating pjmedia/include/pjmedia-codec/config_auto.h
config.status:1003: creating pjsip/include/pjsip/sip_autoconf.h
aconfigure:12621: result:

Configurations for current target have been written to 'build.mak', and 'os-auto.mak' in various build directories, and pjlib/include/pj/compat/os_auto.h.

Further customizations can be put in:
  - 'user.mak'
  - 'pjlib/include/pj/config_site.h'

The next step now is to run 'make dep' and 'make'.


## ---------------- ##
## Cache variables. ##
## ---------------- ##

ac_cv_build=x86_64-unknown-linux-gnu
ac_cv_c_bigendian=no
ac_cv_c_compiler_gnu=yes
ac_cv_cxx_compiler_gnu=yes
ac_cv_env_CCC_set=
ac_cv_env_CCC_value=
ac_cv_env_CC_set=
ac_cv_env_CC_value=
ac_cv_env_CFLAGS_set=
ac_cv_env_CFLAGS_value=
ac_cv_env_CPPFLAGS_set=
ac_cv_env_CPPFLAGS_value=
ac_cv_env_CXXFLAGS_set=
ac_cv_env_CXXFLAGS_value=
ac_cv_env_CXX_set=
ac_cv_env_CXX_value=
ac_cv_env_LDFLAGS_set=
ac_cv_env_LDFLAGS_value=
ac_cv_env_LIBS_set=
ac_cv_env_LIBS_value=
ac_cv_env_build_alias_set=
ac_cv_env_build_alias_value=
ac_cv_env_host_alias_set=
ac_cv_env_host_alias_value=
ac_cv_env_target_alias_set=
ac_cv_env_target_alias_value=
ac_cv_func_getifaddrs=yes
ac_cv_func_localtime_r=yes
ac_cv_func_pthread_set_name_np=no
ac_cv_func_pthread_setname_np=yes
ac_cv_header_SKP_Silk_SDK_API_h=no
ac_cv_header_alsa_version_h=no
ac_cv_header_arpa_inet_h=yes
ac_cv_header_assert_h=yes
ac_cv_header_ctype_h=yes
ac_cv_header_errno_h=yes
ac_cv_header_execinfo_h=yes
ac_cv_header_fcntl_h=yes
ac_cv_header_gnutls_gnutls_h=no
ac_cv_header_ifaddrs_h=yes
ac_cv_header_inttypes_h=yes
ac_cv_header_limits_h=yes
ac_cv_header_linux_socket_h=yes
ac_cv_header_linux_soundcard_h=yes
ac_cv_header_machine_soundcard_h=no
ac_cv_header_malloc_h=yes
ac_cv_header_mswsock_h=no
ac_cv_header_net_if_h=yes
ac_cv_header_netdb_h=yes
ac_cv_header_netinet_in_h=yes
ac_cv_header_netinet_in_systm_h=yes
ac_cv_header_netinet_ip_h=yes
ac_cv_header_netinet_tcp_h=yes
ac_cv_header_opencore_amrnb_interf_enc_h=no
ac_cv_header_opencore_amrwb_dec_if_h=no
ac_cv_header_openssl_ssl_h=no
ac_cv_header_opus_opus_h=no
ac_cv_header_pthread_np_h=no
ac_cv_header_semaphore_h=yes
ac_cv_header_setjmp_h=yes
ac_cv_header_stdarg_h=yes
ac_cv_header_stddef_h=yes
ac_cv_header_stdint_h=yes
ac_cv_header_stdio_h=yes
ac_cv_header_stdlib_h=yes
ac_cv_header_string_h=yes
ac_cv_header_strings_h=yes
ac_cv_header_sys_filio_h=no
ac_cv_header_sys_ioctl_h=yes
ac_cv_header_sys_select_h=yes
ac_cv_header_sys_socket_h=yes
ac_cv_header_sys_sockio_h=no
ac_cv_header_sys_soundcard_h=yes
ac_cv_header_sys_stat_h=yes
ac_cv_header_sys_time_h=yes
ac_cv_header_sys_timeb_h=yes
ac_cv_header_sys_types_h=yes
ac_cv_header_sys_utsname_h=yes
ac_cv_header_time_h=yes
ac_cv_header_unistd_h=yes
ac_cv_header_uuid_uuid_h=no
ac_cv_header_vo_amrwbenc_enc_if_h=no
ac_cv_header_winsock2_h=no
ac_cv_header_winsock_h=no
ac_cv_header_ws2tcpip_h=no
ac_cv_host=x86_64-unknown-linux-gnu
ac_cv_lib_SKP_SILK_SDK_SKP_Silk_SDK_get_version=no
ac_cv_lib_crypto_ERR_get_error=no
ac_cv_lib_crypto_ERR_load_BIO_strings=no
ac_cv_lib_m_sin=yes
ac_cv_lib_ole32_puts=no
ac_cv_lib_opencore_amrnb_Encoder_Interface_init=no
ac_cv_lib_opencore_amrwb_D_IF_init=no
ac_cv_lib_opus_opus_repacketizer_get_size=no
ac_cv_lib_pthread_pthread_create=yes
ac_cv_lib_rt_puts=yes
ac_cv_lib_socket_puts=no
ac_cv_lib_ssl_SSL_CTX_new=no
ac_cv_lib_uuid_uuid_generate=no
ac_cv_lib_vo_amrwbenc_E_IF_init=no
ac_cv_lib_winmm_puts=no
ac_cv_lib_ws2_32_puts=no
ac_cv_lib_wsock32_puts=no
ac_cv_objext=o
ac_cv_prog_ac_ct_AR=ar
ac_cv_prog_ac_ct_CC=gcc
ac_cv_prog_ac_ct_CXX=g++
ac_cv_prog_ac_ct_RANLIB=ranlib
ac_cv_prog_cc_c11=
ac_cv_prog_cc_g=yes
ac_cv_prog_cc_stdc=
ac_cv_prog_cxx_cxx11=
ac_cv_prog_cxx_g=yes
ac_cv_prog_cxx_stdcxx=
ac_cv_search_gethostbyname='none required'
ac_cv_target=x86_64-unknown-linux-gnu
ax_cv_support_neon_ext=yes

## ----------------- ##
## Output variables. ##
## ----------------- ##

AR='ar'
AR_FLAGS='rv'
CC='gcc'
CC_CFLAGS='-Wall'
CC_DEF='-D'
CC_INC='-I'
CC_OPTIMIZE='-O2'
CC_OUT='-c -o '
CFLAGS='-O2 -DPJ_IS_BIG_ENDIAN=0 -DPJ_IS_LITTLE_ENDIAN=1'
CPPFLAGS=''
CXX='g++'
CXXFLAGS='-g -O2'
DEFS='-DHAVE_CONFIG_H'
ECHO_C=''
ECHO_N='-n'
ECHO_T=''
EXEEXT=''
LD='g++'
LDFLAGS=''
LDOUT='-o '
LIBEXT2=''
LIBEXT='a'
LIBOBJS=''
LIBS='-lm -lrt -lpthread '
LTLIBOBJS=''
OBJEXT='o'
PACKAGE_BUGREPORT=''
PACKAGE_NAME='pjproject'
PACKAGE_STRING='pjproject 2.x'
PACKAGE_TARNAME='pjproject'
PACKAGE_URL=''
PACKAGE_VERSION='2.x'
PATH_SEPARATOR=':'
PKG_CONFIG='none'
RANLIB='ranlib'
SAVED_PKG_CONFIG_PATH=''
SDL_CONFIG=''
SHELL='/bin/bash'
ac_android_cflags=''
ac_build_mak_vars=''
ac_cflags=' -DPJ_IS_BIG_ENDIAN=0 -DPJ_IS_LITTLE_ENDIAN=1'
ac_cross_compile=''
ac_ct_AR='ar'
ac_ct_CC='gcc'
ac_ct_CXX='g++'
ac_darwin_cflags=''
ac_dshow_cflags=''
ac_dshow_ldflags=''
ac_external_gsm='0'
ac_external_pa='0'
ac_external_speex='0'
ac_external_srtp='0'
ac_external_srtp_lib=''
ac_external_webrtc='0'
ac_external_webrtc_aec3='0'
ac_external_yuv='0'
ac_ffmpeg_cflags=''
ac_ffmpeg_ldflags=''
ac_has_ffmpeg='0'
ac_host='unix'
ac_linux_poll='select'
ac_lyra_model_path=''
ac_main_obj='main.o'
ac_no_bcg729='1'
ac_no_g711_codec=''
ac_no_g7221_codec=''
ac_no_g722_codec=''
ac_no_gsm_codec=''
ac_no_ilbc_codec=''
ac_no_l16_codec=''
ac_no_large_filter=''
ac_no_lyra_codec='1'
ac_no_mediacodec=''
ac_no_opencore_amrnb='1'
ac_no_opencore_amrwb='1'
ac_no_opus='1'
ac_no_pjsua2=''
ac_no_silk='1'
ac_no_small_filter=''
ac_no_speex_aec=''
ac_no_speex_codec=''
ac_no_srtp=''
ac_no_ssl=''
ac_no_webrtc=''
ac_no_webrtc_aec3='1'
ac_no_yuv='1'
ac_oboe_cflags=''
ac_oboe_ldflags=''
ac_openh264_cflags=''
ac_openh264_ldflags=''
ac_os_objs='ioqueue_select.o file_access_unistd.o file_io_ansi.o os_core_unix.o os_error_unix.o os_time_unix.o os_timestamp_posix.o sock_qos_bsd.o guid_simple.o'
ac_pa_cflags=' -DHAVE_SYS_SOUNDCARD_H -DHAVE_LINUX_SOUNDCARD_H -DPA_LITTLE_ENDIAN'
ac_pjdir='/root/D-Modem/pjproject-2.15.1'
ac_pjmedia_audiodev_objs=''
ac_pjmedia_resample='libresample'
ac_pjmedia_snd='null'
ac_pjmedia_video=''
ac_pjmedia_video_dev_has_dshow=''
ac_pjmedia_video_has_android=''
ac_pjmedia_video_has_darwin=''
ac_pjmedia_video_has_ios_opengl=''
ac_pjmedia_video_has_metal=''
ac_pjmedia_video_has_qt=''
ac_pjmedia_video_has_vtoolbox=''
ac_qt_cflags=''
ac_resample_dll=''
ac_sdl_cflags=''
ac_sdl_ldflags=''
ac_shared_libraries=''
ac_shlib_suffix='so'
ac_srtp_deinit_present=''
ac_srtp_shutdown_present=''
ac_ssl_backend=''
ac_ssl_has_aes_gcm='0'
ac_std_cpp_lib=''
ac_target_arch=''
ac_v4l2_cflags=''
ac_v4l2_ldflags=''
ac_vpx_cflags=''
ac_vpx_ldflags=''
ac_webrtc_aec3_cflags=''
ac_webrtc_aec3_instset=''
ac_webrtc_aec3_ldflags=''
ac_webrtc_cflags=''
ac_webrtc_instset='sse2'
ac_webrtc_ldflags=''
bindir='${exec_prefix}/bin'
build='x86_64-unknown-linux-gnu'
build_alias=''
build_cpu='x86_64'
build_os='linux-gnu'
build_vendor='unknown'
datadir='${datarootdir}'
datarootdir='${prefix}/share'
docdir='${datarootdir}/doc/${PACKAGE_TARNAME}'
dvidir='${docdir}'
exec_prefix='${prefix}'
gnutls_h_present=''
host='x86_64-unknown-linux-gnu'
host_alias=''
host_cpu='x86_64'
host_os='linux-gnu'
host_vendor='unknown'
htmldir='${docdir}'
includedir='${prefix}/include'
infodir='${datarootdir}/info'
libcrypto_present=''
libdir='${exec_prefix}/lib'
libexecdir='${exec_prefix}/libexec'
libgnutls_present=''
libssl_present=''
localedir='${datarootdir}/locale'
localstatedir='${prefix}/var'
mandir='${datarootdir}/man'
oldincludedir='/usr/include'
opencore_amrnb_h_present=''
opencore_amrnb_present=''
opencore_amrwb_dec_h_present=''
opencore_amrwb_dec_present=''
opencore_amrwb_enc_h_present=''
opencore_amrwb_enc_present=''
openssl_h_present=''
opus_h_present=''
opus_present=''
pdfdir='${docdir}'
prefix='/root/D-Modem/pjproject-2.15.1/../pjsip.install'
program_transform_name='s,x,x,'
psdir='${docdir}'
runstatedir='${localstatedir}/run'
sbindir='${exec_prefix}/sbin'
sharedstatedir='${prefix}/com'
silk_h_present=''
silk_present=''
sysconfdir='${prefix}/etc'
target='x86_64-unknown-linux-gnu'
target_alias=''
target_cpu='x86_64'
target_os='linux-gnu'
target_vendor='unknown'

## ----------- ##
## confdefs.h. ##
## ----------- ##

/* confdefs.h */
#define PACKAGE_NAME "pjproject"
#define PACKAGE_TARNAME "pjproject"
#define PACKAGE_VERSION "2.x"
#define PACKAGE_STRING "pjproject 2.x"
#define PACKAGE_BUGREPORT ""
#define PACKAGE_URL ""
#define HAVE_LIBPTHREAD 1
#define HAVE_LIBRT 1
#define HAVE_LIBM 1
#define PJ_M_NAME "x86_64"
#define PJ_POOL_ALIGNMENT 8
#define HAVE_STDIO_H 1
#define HAVE_STDLIB_H 1
#define HAVE_STRING_H 1
#define HAVE_INTTYPES_H 1
#define HAVE_STDINT_H 1
#define HAVE_STRINGS_H 1
#define HAVE_SYS_STAT_H 1
#define HAVE_SYS_TYPES_H 1
#define HAVE_UNISTD_H 1
#define STDC_HEADERS 1
#define PJ_LINUX 1
#define PJ_HAS_FLOATING_POINT 1
#define PJ_HAS_ARPA_INET_H 1
#define PJ_HAS_ASSERT_H 1
#define PJ_HAS_CTYPE_H 1
#define PJ_HAS_ERRNO_H 1
#define PJ_HAS_FCNTL_H 1
#define PJ_HAS_LINUX_SOCKET_H 1
#define PJ_HAS_LIMITS_H 1
#define PJ_HAS_MALLOC_H 1
#define PJ_HAS_NETDB_H 1
#define PJ_HAS_NETINET_IN_SYSTM_H 1
#define PJ_HAS_NETINET_IN_H 1
#define PJ_HAS_NETINET_IP_H 1
#define PJ_HAS_NETINET_TCP_H 1
#define PJ_HAS_IFADDRS_H 1
#define PJ_HAS_SEMAPHORE_H 1
#define PJ_HAS_SETJMP_H 1
#define PJ_HAS_STDARG_H 1
#define PJ_HAS_STDDEF_H 1
#define PJ_HAS_STDIO_H 1
#define PJ_HAS_STDINT_H 1
#define PJ_HAS_STDLIB_H 1
#define PJ_HAS_STRING_H 1
#define PJ_HAS_INTTYPES_H 1
#define PJ_HAS_SYS_IOCTL_H 1
#define PJ_HAS_SYS_SELECT_H 1
#define PJ_HAS_SYS_SOCKET_H 1
#define PJ_HAS_SYS_TIME_H 1
#define PJ_HAS_SYS_TIMEB_H 1
#define PJ_HAS_SYS_TYPES_H 1
#define PJ_HAS_SYS_UTSNAME_H 1
#define PJ_HAS_TIME_H 1
#define PJ_HAS_UNISTD_H 1
#define PJ_HAS_EXECINFO_H 1
#define PJ_HAS_NET_IF_H 1
#define PJ_HAS_LOCALTIME_R 1
#define PJ_OS_NAME "x86_64-unknown-linux-gnu"
#define PJ_HAS_ERRNO_VAR 1
#define PJ_HAS_HIGH_RES_TIMER 1
#define PJ_HAS_MALLOC 1
#define PJ_NATIVE_STRING_IS_UNICODE 0
#define PJ_ATOMIC_VALUE_TYPE long
#define PJ_SOCK_HAS_INET_ATON 1
#define PJ_SOCK_HAS_INET_PTON 1
#define PJ_SOCK_HAS_INET_NTOP 1
#define PJ_SOCK_HAS_GETADDRINFO 1
#define PJ_SOCK_HAS_SOCKETPAIR 1
#define PJ_HAS_SOCKLEN_T 1
#define PJ_SOCK_HAS_IPV6_V6ONLY 1
#define PJ_HAS_SO_ERROR 1
#define PJ_EMULATE_RWMUTEX 0
#define PJMEDIA_HAS_OPENCORE_AMRNB_CODEC 0
#define PJMEDIA_HAS_OPENCORE_AMRWB_CODEC 0
#define PJMEDIA_HAS_SILK_CODEC 0
#define PJMEDIA_HAS_OPUS_CODEC 0
#define PJMEDIA_HAS_BCG729 0
#define PJMEDIA_HAS_LIBYUV 0
#define PJMEDIA_HAS_LIBWEBRTC_AEC3 0
#define PJ_SELECT_NEEDS_NFDS 0
#define PJ_THREAD_SET_STACK_SIZE 0
#define PJ_THREAD_ALLOCATE_STACK 0
#define PJ_BLOCKING_ERROR_VAL EAGAIN
#define PJ_BLOCKING_CONNECT_ERROR_VAL EINPROGRESS
#define PJ_HAS_PTHREAD_SETNAME_NP 1

aconfigure: exit 0
